sen_str,swapped_sen_str,leaf_rule
"Եւ Յիսուս ասէ ՝ հայր , թող դոցա ՝ զի ոչ գիտեն զինչ գործեն :","Եւ Յիսուս ասէ ՝ հայր , թող դոցա ՝ զի ոչ գիտեն գործեն զինչ :",[0] -> [1] -> [2] -> [3] -> [7]
զի ես յ անձնէ իմմէ ոչ խաւսեցայ ՝ այլ որ առաքեաց ն զ իս հայր նա ետ ինձ պատուէր զինչ ասացից եւ զինչ խաւսեցայց .,զի ես յ անձնէ իմմէ ոչ խաւսեցայ ՝ այլ որ առաքեաց ն զ իս հայր նա ետ ինձ պատուէր ասացից զինչ եւ զինչ խաւսեցայց .,[0] -> [1] -> [2] -> [3] -> [7]
եւ ոչ գիտէր զինչ խաւսէր :,եւ ոչ գիտէր խաւսէր զինչ :,[0] -> [1] -> [2] -> [3] -> [7]
Եւ դուք մի խնդրէք զինչ ուտիցէք . կամ զինչ ըմպիցէք ՝ եւ մի զբաղնուք ՝ զի զ այն ամենայն հեթանոսք աշխարհի խնդրեն : Այղ ձեր հայր գիտէ զի պիտոյ է այն ամենայն :,Եւ դուք մի խնդրէք ուտիցէք զինչ . կամ զինչ ըմպիցէք ՝ եւ մի զբաղնուք ՝ զի զ այն ամենայն հեթանոսք աշխարհի խնդրեն : Այղ ձեր հայր գիտէ զի պիտոյ է այն ամենայն :,[0] -> [1] -> [2] -> [3] -> [7]
Վասն այդորիկ ասեմ ձեզ ՝ մի հոգայք վասն ոգւոց ձերոց զինչ ուտիցէք կամ զինչ ըմպիցէք ՝ եւ մի վասն մարմնոց ձերոց եթե զինչ ագանիցիք ՝,Վասն այդորիկ ասեմ ձեզ ՝ մի հոգայք վասն ոգւոց ձերոց զինչ ուտիցէք կամ ըմպիցէք զինչ ՝ եւ մի վասն մարմնոց ձերոց եթե զինչ ագանիցիք ՝,[0] -> [1] -> [2] -> [3] -> [7]
Այղ յորժամ տանիցին զ ձեզ ի ժողովուրդս . եւ ի պետութիւնս եւ յ իշխանութիւնս . մի հոգայցէք որպէս թե զինչ պատասխանի տայցէք . կամ զինչ ասիցէք ՝ զի հոգի ն սուրբ ուսուսցէ զ ձեզ ի նմին ժամու զինչ պարտ իցէ խաւսել :,Այղ յորժամ տանիցին զ ձեզ ի ժողովուրդս . եւ ի պետութիւնս եւ յ իշխանութիւնս . մի հոգայցէք որպէս թե պատասխանի տայցէք զինչ . կամ զինչ ասիցէք ՝ զի հոգի ն սուրբ ուսուսցէ զ ձեզ ի նմին ժամու զինչ պարտ իցէ խաւսել :,[0] -> [1] -> [2] -> [3] -> [7]
"այղ ոչ ՞ ասիցէ ց նա թե պատրաստեա զինչ ընթրելոց իցեմ , եւ գաւտի ածեալ պաշտեա զ իս մինչ կերայց եւ արբից . եւ ապա կերիցես եւ արբցես դու ՝","այղ ոչ ՞ ասիցէ ց նա թե պատրաստեա ընթրելոց զինչ իցեմ , եւ գաւտի ածեալ պաշտեա զ իս մինչ կերայց եւ արբից . եւ ապա կերիցես եւ արբցես դու ՝",[0] -> [1] -> [2] -> [3] -> [7]
Եւ յ այն բան եկին աշակերտք ն նորա ՝ եւ զարմանային զի ընդ կնոջ ն խաւսէր ՝ բայց ոչ ոք ասաց ի նոցանէ թե զինչ խնդրես ՝ կամ զինչ խաւսիս ընդ դմա :,Եւ յ այն բան եկին աշակերտք ն նորա ՝ եւ զարմանային զի ընդ կնոջ ն խաւսէր ՝ բայց ոչ ոք ասաց ի նոցանէ թե խնդրես զինչ ՝ կամ զինչ խաւսիս ընդ դմա :,[0] -> [1] -> [2] -> [3] -> [7]
Այղ ես ասեմ ձեզ ՝ եթե Էղիա եկն ՝ եւ արարին ընդ նմա զինչ եւ կամեցան որպէս եւ գրեալ է վասն նորա :,Այղ ես ասեմ ձեզ ՝ եթե Էղիա եկն ՝ եւ արարին ընդ նմա եւ կամեցան զինչ որպէս եւ գրեալ է վասն նորա :,[0] -> [1] -> [2] -> [3] -> [7]
Եւ յ այն բան եկին աշակերտք ն նորա ՝ եւ զարմանային զի ընդ կնոջ ն խաւսէր ՝ բայց ոչ ոք ասաց ի նոցանէ թե զինչ խնդրես ՝ կամ զինչ խաւսիս ընդ դմա :,Եւ յ այն բան եկին աշակերտք ն նորա ՝ եւ զարմանային զի ընդ կնոջ ն խաւսէր ՝ բայց ոչ ոք ասաց ի նոցանէ թե զինչ խնդրես ՝ կամ խաւսիս զինչ ընդ դմա :,[0] -> [1] -> [2] -> [3] -> [7]
եւ իբրեւ մերձ եղեւ առ նա . եհարց զ նա եւ ասէ ՝ զինչ կամիս դու զի արարից քեզ ՝,եւ իբրեւ մերձ եղեւ առ նա . եհարց զ նա եւ ասէ ՝ կամիս զինչ դու զի արարից քեզ ՝,[0] -> [1] -> [2] -> [3] -> [7]
Եւ ասէ ց նոսա ՝ տեսէք զինչ լսէք դ ՝,Եւ ասէ ց նոսա ՝ տեսէք լսէք զինչ դ ՝,[0] -> [1] -> [2] -> [3] -> [7]
Եւ դուք մի խնդրէք զինչ ուտիցէք . կամ զինչ ըմպիցէք ՝ եւ մի զբաղնուք ՝ զի զ այն ամենայն հեթանոսք աշխարհի խնդրեն : Այղ ձեր հայր գիտէ զի պիտոյ է այն ամենայն :,Եւ դուք մի խնդրէք զինչ ուտիցէք . կամ ըմպիցէք զինչ ՝ եւ մի զբաղնուք ՝ զի զ այն ամենայն հեթանոսք աշխարհի խնդրեն : Այղ ձեր հայր գիտէ զի պիտոյ է այն ամենայն :,[0] -> [1] -> [2] -> [3] -> [7]
եւ ոչ գտանեին թե զինչ արասցեն . զի ժողովուրդ ն ամենայն կախեալ կային զ նմանէ ի լսել :,եւ ոչ գտանեին թե արասցեն զինչ . զի ժողովուրդ ն ամենայն կախեալ կային զ նմանէ ի լսել :,[0] -> [1] -> [2] -> [3] -> [7]
արձակեա զ ժողովուրդս դ ՝ զի երթեալ շուրջ յ ագարակս եւ ի գեաւղս . գնեսցեն իւրեանց զինչ ուտիցեն ՝ զի աստ ինչ ուտել ոչ ունին :,արձակեա զ ժողովուրդս դ ՝ զի երթեալ շուրջ յ ագարակս եւ ի գեաւղս . գնեսցեն իւրեանց ուտիցեն զինչ ՝ զի աստ ինչ ուտել ոչ ունին :,[0] -> [1] -> [2] -> [3] -> [7]
Պատասխանի ետ Յիսուս եւ ասէ ց նոսա ՝ ոչ գիտէք զինչ խնդրէք ՝ կարէք ՞ ըմպել զ բաժակ ն զ որ ես ըմպելոց եմ . կամ զ մկրտութիւն ն մկրտել զ որ ես մկրտելոց ն եմ ՝,Պատասխանի ետ Յիսուս եւ ասէ ց նոսա ՝ ոչ գիտէք խնդրէք զինչ ՝ կարէք ՞ ըմպել զ բաժակ ն զ որ ես ըմպելոց եմ . կամ զ մկրտութիւն ն մկրտել զ որ ես մկրտելոց ն եմ ՝,[0] -> [1] -> [2] -> [3] -> [7]
Նա ուրացաւ առաջի ամենեցուն եւ ասէ ՝ թե ոչ գիտեմ զինչ խաւսիս դ :,Նա ուրացաւ առաջի ամենեցուն եւ ասէ ՝ թե ոչ գիտեմ խաւսիս զինչ դ :,[0] -> [1] -> [2] -> [3] -> [7]
ահաւանիկ նոքա գիտեն զինչ ասացի ես :,ահաւանիկ նոքա գիտեն ասացի զինչ ես :,[0] -> [1] -> [2] -> [3] -> [7]
"Պատասխանի ետ Պետրոս եւ ասէ ց Յիսուս . ռաբբի . բարւոք է մեզ աստ լինել . եւ արասցուք երիս տաղաւարս , մի քեզ ՝ եւ մի Մովսէսի եւ մի Էղիաի ՝ քանզի ոչ գիտէր զինչ խաւսէր ՝ զի զարհուրեալ եին :","Պատասխանի ետ Պետրոս եւ ասէ ց Յիսուս . ռաբբի . բարւոք է մեզ աստ լինել . եւ արասցուք երիս տաղաւարս , մի քեզ ՝ եւ մի Մովսէսի եւ մի Էղիաի ՝ քանզի ոչ գիտէր խաւսէր զինչ ՝ զի զարհուրեալ եին :",[0] -> [1] -> [2] -> [3] -> [7]
Մի այսուհետեւ հոգայցէք ՝ եւ ասիցէք զինչ կերիցուք . կամ զինչ արբցուք . կամ զինչ զգեցցուք ՝ զի զ այդ ամենայն հեթանոսք խնդրեն ՝ քանզի գիտէ հայր ն ձեր երկնաւոր թե պիտոյ է ձեզ այդ ամենայն :,Մի այսուհետեւ հոգայցէք ՝ եւ ասիցէք կերիցուք զինչ . կամ զինչ արբցուք . կամ զինչ զգեցցուք ՝ զի զ այդ ամենայն հեթանոսք խնդրեն ՝ քանզի գիտէ հայր ն ձեր երկնաւոր թե պիտոյ է ձեզ այդ ամենայն :,[0] -> [1] -> [2] -> [3] -> [7]
Ասէ Պետրոս ՝ այր դու . չ գիտեմ զինչ խաւսիս դ :,Ասէ Պետրոս ՝ այր դու . չ գիտեմ խաւսիս զինչ դ :,[0] -> [1] -> [2] -> [3] -> [7]
"Յ որ քաղաք մտանիցէք ՝ եւ ընդունիցին զ ձեզ , ուտիջիք զինչ առաջի դնիցեն ձեր ՝ եւ բժշկեսջիք որ ի նմա հիւանդք իցեն , եւ ասասջիք նոցա մերձեալ է ի վերայ ձեր արքայութիւն Աստուածոյ :","Յ որ քաղաք մտանիցէք ՝ եւ ընդունիցին զ ձեզ , ուտիջիք առաջի դնիցեն զինչ ձեր ՝ եւ բժշկեսջիք որ ի նմա հիւանդք իցեն , եւ ասասջիք նոցա մերձեալ է ի վերայ ձեր արքայութիւն Աստուածոյ :",[0] -> [1] -> [2] -> [3] -> [7]
Եւ ասէ Տէր ՝ լուարուք զինչ դատաւոր ն անիրաւութեան ասէր ՝ իսկ Աստուած ոչ ՞ առնիցէ վրէժխնդրութիւն ծառայից իւրոց որ աղաղակեն առ նա ի տուէ եւ ի գիշերի . եւ երկայնամիտ միայն լինիցի առ նոսա ՝,Եւ ասէ Տէր ՝ լուարուք դատաւոր ն անիրաւութեան ասէր զինչ ՝ իսկ Աստուած ոչ ՞ առնիցէ վրէժխնդրութիւն ծառայից իւրոց որ աղաղակեն առ նա ի տուէ եւ ի գիշերի . եւ երկայնամիտ միայն լինիցի առ նոսա ՝,[0] -> [1] -> [2] -> [3] -> [7]
Այլ յորժամ տանիցին զ ձեզ մատնել . մի յառաջագոյն հոգայցէք . եւ մի զ մտաւ ածիցէք թե զինչ խաւսիցիք ՝ այղ որ ինչ տացի ձեզ ի ժամու ն յ այնմիկ . զ այն խաւսիցիք ՝ զի ոչ դուք էք որ խաւսիցիք ն . այլ հոգի ն սուրբ :,Այլ յորժամ տանիցին զ ձեզ մատնել . մի յառաջագոյն հոգայցէք . եւ մի զ մտաւ ածիցէք թե խաւսիցիք զինչ ՝ այղ որ ինչ տացի ձեզ ի ժամու ն յ այնմիկ . զ այն խաւսիցիք ՝ զի ոչ դուք էք որ խաւսիցիք ն . այլ հոգի ն սուրբ :,[0] -> [1] -> [2] -> [3] -> [7]
Ասէ Նիկոդէմոս ց նոսա որ եկեալ ն էր առ նա գիշերի ն յառաջագոյն եւ մի էր ի նոցանէ ՝ մի թե աւրէնք ն մեր դատին ՞ զ մարդ եթե ոչ լսեն ինչ նախ ի նմանէ . կամ գիտեն զինչ գործէ :,Ասէ Նիկոդէմոս ց նոսա որ եկեալ ն էր առ նա գիշերի ն յառաջագոյն եւ մի էր ի նոցանէ ՝ մի թե աւրէնք ն մեր դատին ՞ զ մարդ եթե ոչ լսեն ինչ նախ ի նմանէ . կամ գիտեն գործէ զինչ :,[0] -> [1] -> [2] -> [3] -> [7]
Դարձեալ ասեմ ձեզ եթե երկու ի ձէնջ միաբանիցեն յ երկրի վասն ամենայն իրաց զինչ եւ խնդրեսցեն . եղիցի նոցա ի հաւրէ իմմէ որ յ երկինս ն է :,Դարձեալ ասեմ ձեզ եթե երկու ի ձէնջ միաբանիցեն յ երկրի վասն ամենայն իրաց եւ խնդրեսցեն զինչ . եղիցի նոցա ի հաւրէ իմմէ որ յ երկինս ն է :,[0] -> [1] -> [2] -> [3] -> [7]
ածին առ Յիսուս թե զինչ հրամայեսցէ . զի չարախաւսեսցեն զ նմանէ :,ածին առ Յիսուս թե հրամայեսցէ զինչ . զի չարախաւսեսցեն զ նմանէ :,[0] -> [1] -> [2] -> [3] -> [7]
Նա ուրացաւ եւ ասէ ՝ ոչ ճանաչեմ . եւ ոչ գիտեմ զինչ դու դ ասես :,Նա ուրացաւ եւ ասէ ՝ ոչ ճանաչեմ . եւ ոչ գիտեմ դու դ ասես զինչ :,[0] -> [1] -> [2] -> [3] -> [7]
Եւ եղեւ դառնալ նմա առեալ զ թագաւորութիւն ն ՝ եւ կոչել զ ծառայս ն որոց տուեալ էր զ արծաթ ն . զի գիտասցէ թե ո զինչ շահեցաւ :,Եւ եղեւ դառնալ նմա առեալ զ թագաւորութիւն ն ՝ եւ կոչել զ ծառայս ն որոց տուեալ էր զ արծաթ ն . զի գիտասցէ թե ո շահեցաւ զինչ :,[0] -> [1] -> [2] -> [3] -> [7]
Այղ յորժամ մատնիցեն զ ձեզ . մի հոգայցէք թե որպէս կամ զինչ խաւսիցիք ՝ զի տացի ձեզ ի ժամու ն յ այնմիկ զինչ խաւսիցիք ՝ զի ոչ եթե դուք իցէք որ խաւսիցիք ն ՝ այղ հոգի ն հաւր ձերոյ որ խաւսիցի ի ձեզ :,Այղ յորժամ մատնիցեն զ ձեզ . մի հոգայցէք թե որպէս կամ զինչ խաւսիցիք ՝ զի տացի ձեզ ի ժամու ն յ այնմիկ խաւսիցիք զինչ ՝ զի ոչ եթե դուք իցէք որ խաւսիցիք ն ՝ այղ հոգի ն հաւր ձերոյ որ խաւսիցի ի ձեզ :,[0] -> [1] -> [2] -> [3] -> [7]
Ապա յարուցեալ քահանայապետ ն ի մէջ հարցանէր զ Յիսուս եւ ասէր . ոչ ՞ ինչ տաս պատասխանի . զինչ դոքա զ քէն վկայեն :,Ապա յարուցեալ քահանայապետ ն ի մէջ հարցանէր զ Յիսուս եւ ասէր . ոչ ՞ ինչ տաս պատասխանի . դոքա զ քէն վկայեն զինչ :,[0] -> [1] -> [2] -> [3] -> [7]
եւ ասէ ՝ գիտեմ զինչ արարից ՝ քակեցից զ շտեմարանս իմ ՝,եւ ասէ ՝ գիտեմ արարից զինչ ՝ քակեցից զ շտեմարանս իմ ՝,[0] -> [1] -> [2] -> [3] -> [7]
Եւ յարուցեալ քահանայապետ ն ասէ ց նա ՝ չ տաս ՞ ինչ պատասխանի զինչ դոքա ամբաստանդեն զ քէն :,Եւ յարուցեալ քահանայապետ ն ասէ ց նա ՝ չ տաս ՞ ինչ պատասխանի դոքա ամբաստանդեն զինչ զ քէն :,[0] -> [1] -> [2] -> [3] -> [7]
Ասէ ց աշակերտս ն իւր ՝ վասն այսորիկ ասեմ ձեզ ՝ մի հոգայք ընդ ոգւոյ թե զինչ ուտիցէք ՝ եւ մի ընդ մարմնոյ թե զինչ զգենուցուք ՝ զի ոգի առաւել է քան զ կերակուր . եւ մարմին քան զ հանդերձ :,Ասէ ց աշակերտս ն իւր ՝ վասն այսորիկ ասեմ ձեզ ՝ մի հոգայք ընդ ոգւոյ թե ուտիցէք զինչ ՝ եւ մի ընդ մարմնոյ թե զինչ զգենուցուք ՝ զի ոգի առաւել է քան զ կերակուր . եւ մարմին քան զ հանդերձ :,[0] -> [1] -> [2] -> [3] -> [7]
"Այղ դու յորժամ ողորմութիւն առնիցես . մի գիտասցէ ձախ քո զինչ գործէ աջ քո ՝ որպէս զի եղիցի ողորմութիւն ն քո ի ծածուկ , եւ հայր ն քո որ տեսանէ ի ծածուկ հատուսցէ քեզ յայտնապէս :","Այղ դու յորժամ ողորմութիւն առնիցես . մի գիտասցէ ձախ քո գործէ զինչ աջ քո ՝ որպէս զի եղիցի ողորմութիւն ն քո ի ծածուկ , եւ հայր ն քո որ տեսանէ ի ծածուկ հատուսցէ քեզ յայտնապէս :",[0] -> [1] -> [2] -> [3] -> [7]
Այղ յորժամ տանիցին զ ձեզ ի ժողովուրդս . եւ ի պետութիւնս եւ յ իշխանութիւնս . մի հոգայցէք որպէս թե զինչ պատասխանի տայցէք . կամ զինչ ասիցէք ՝ զի հոգի ն սուրբ ուսուսցէ զ ձեզ ի նմին ժամու զինչ պարտ իցէ խաւսել :,Այղ յորժամ տանիցին զ ձեզ ի ժողովուրդս . եւ ի պետութիւնս եւ յ իշխանութիւնս . մի հոգայցէք որպէս թե զինչ պատասխանի տայցէք . կամ ասիցէք զինչ ՝ զի հոգի ն սուրբ ուսուսցէ զ ձեզ ի նմին ժամու զինչ պարտ իցէ խաւսել :,[0] -> [1] -> [2] -> [3] -> [7]
Եւ կոչեալ առ ինքն Յիսուսի զ աշակերտս ն ասէ ՝ գթամ ի ժողովուրդ ՝ զի արդ երեք աւուրք են զի կան առ իս . եւ ոչ ունին զինչ ուտիցեն ՝,Եւ կոչեալ առ ինքն Յիսուսի զ աշակերտս ն ասէ ՝ գթամ ի ժողովուրդ ՝ զի արդ երեք աւուրք են զի կան առ իս . եւ ոչ ունին ուտիցեն զինչ ՝,[0] -> [1] -> [2] -> [3] -> [7]
Մի այսուհետեւ հոգայցէք ՝ եւ ասիցէք զինչ կերիցուք . կամ զինչ արբցուք . կամ զինչ զգեցցուք ՝ զի զ այդ ամենայն հեթանոսք խնդրեն ՝ քանզի գիտէ հայր ն ձեր երկնաւոր թե պիտոյ է ձեզ այդ ամենայն :,Մի այսուհետեւ հոգայցէք ՝ եւ ասիցէք զինչ կերիցուք . կամ արբցուք զինչ . կամ զինչ զգեցցուք ՝ զի զ այդ ամենայն հեթանոսք խնդրեն ՝ քանզի գիտէ հայր ն ձեր երկնաւոր թե պիտոյ է ձեզ այդ ամենայն :,[0] -> [1] -> [2] -> [3] -> [7]
զի ես յ անձնէ իմմէ ոչ խաւսեցայ ՝ այլ որ առաքեաց ն զ իս հայր նա ետ ինձ պատուէր զինչ ասացից եւ զինչ խաւսեցայց .,զի ես յ անձնէ իմմէ ոչ խաւսեցայ ՝ այլ որ առաքեաց ն զ իս հայր նա ետ ինձ պատուէր զինչ ասացից եւ խաւսեցայց զինչ .,[0] -> [1] -> [2] -> [3] -> [7]
Վասն այդորիկ ասեմ ձեզ ՝ մի հոգայք վասն ոգւոց ձերոց զինչ ուտիցէք կամ զինչ ըմպիցէք ՝ եւ մի վասն մարմնոց ձերոց եթե զինչ ագանիցիք ՝,Վասն այդորիկ ասեմ ձեզ ՝ մի հոգայք վասն ոգւոց ձերոց զինչ ուտիցէք կամ զինչ ըմպիցէք ՝ եւ մի վասն մարմնոց ձերոց եթե ագանիցիք զինչ ՝,[0] -> [1] -> [2] -> [3] -> [7]
Զի ՞ հարցանես զ իս ՝ հարց զ այնոսիկ որ լուան ն թե զինչ խաւսեցայ ընդ նոսա ՝,Զի ՞ հարցանես զ իս ՝ հարց զ այնոսիկ որ լուան ն թե խաւսեցայ զինչ ընդ նոսա ՝,[0] -> [1] -> [2] -> [3] -> [7]
Իբրեւ տեսին քահանայապետք ն եւ դպիրք ն սքանչելիս ն զ որ արար ՝ եւ զ մանկտի ն որ աղաղակեին ի տաճարի ն եւ ասեին աւհրնութիւն որդւոյ Դաւթի . բարկացան ՝ եւ ասեն ց նա ՝ լսես զինչ ասեն դ դոքա :,Իբրեւ տեսին քահանայապետք ն եւ դպիրք ն սքանչելիս ն զ որ արար ՝ եւ զ մանկտի ն որ աղաղակեին ի տաճարի ն եւ ասեին աւհրնութիւն որդւոյ Դաւթի . բարկացան ՝ եւ ասեն ց նա ՝ լսես ասեն զինչ դ դոքա :,[0] -> [1] -> [2] -> [3] -> [7]
Մի այսուհետեւ հոգայցէք ՝ եւ ասիցէք զինչ կերիցուք . կամ զինչ արբցուք . կամ զինչ զգեցցուք ՝ զի զ այդ ամենայն հեթանոսք խնդրեն ՝ քանզի գիտէ հայր ն ձեր երկնաւոր թե պիտոյ է ձեզ այդ ամենայն :,Մի այսուհետեւ հոգայցէք ՝ եւ ասիցէք զինչ կերիցուք . կամ զինչ արբցուք . կամ զգեցցուք զինչ ՝ զի զ այդ ամենայն հեթանոսք խնդրեն ՝ քանզի գիտէ հայր ն ձեր երկնաւոր թե պիտոյ է ձեզ այդ ամենայն :,[0] -> [1] -> [2] -> [3] -> [7]
Պատասխանի ետ Յիսուս եւ ասէ ՝ ոչ գիտէք զինչ խնդրէք ՝ կարէք ՞ ըմպել զ բաժակ ն զ որ ես ըմպելոց ն եմ . կամ զ մկրտութիւն ն զ որ ես մկրտելոց . մկրտել :,Պատասխանի ետ Յիսուս եւ ասէ ՝ ոչ գիտէք խնդրէք զինչ ՝ կարէք ՞ ըմպել զ բաժակ ն զ որ ես ըմպելոց ն եմ . կամ զ մկրտութիւն ն զ որ ես մկրտելոց . մկրտել :,[0] -> [1] -> [2] -> [3] -> [7]
չ գիտեմք զինչ խաւսի :,չ գիտեմք խաւսի զինչ :,[0] -> [1] -> [2] -> [3] -> [7]
եւ հանեն զ նա ի խաչ : Եւ բաժանեցին զ հանդերձս նորա արկեալ վիճակս ի վերայ . թե ո զինչ առնուցու :,եւ հանեն զ նա ի խաչ : Եւ բաժանեցին զ հանդերձս նորա արկեալ վիճակս ի վերայ . թե ո առնուցու զինչ :,[0] -> [1] -> [2] -> [3] -> [7]
Ասէ ց աշակերտս ն իւր ՝ վասն այսորիկ ասեմ ձեզ ՝ մի հոգայք ընդ ոգւոյ թե զինչ ուտիցէք ՝ եւ մի ընդ մարմնոյ թե զինչ զգենուցուք ՝ զի ոգի առաւել է քան զ կերակուր . եւ մարմին քան զ հանդերձ :,Ասէ ց աշակերտս ն իւր ՝ վասն այսորիկ ասեմ ձեզ ՝ մի հոգայք ընդ ոգւոյ թե զինչ ուտիցէք ՝ եւ մի ընդ մարմնոյ թե զգենուցուք զինչ ՝ զի ոգի առաւել է քան զ կերակուր . եւ մարմին քան զ հանդերձ :,[0] -> [1] -> [2] -> [3] -> [7]
գիտեմ զինչ արարից ՝ զի յորժամ ի բաց լինիցիմ ի տնտեսութենէ ս . ընկալցին զ իս ի տունս իւրեանց :,գիտեմ արարից զինչ ՝ զի յորժամ ի բաց լինիցիմ ի տնտեսութենէ ս . ընկալցին զ իս ի տունս իւրեանց :,[0] -> [1] -> [2] -> [3] -> [7]
Վասն այդորիկ ասեմ ձեզ ՝ մի հոգայք վասն ոգւոց ձերոց զինչ ուտիցէք կամ զինչ ըմպիցէք ՝ եւ մի վասն մարմնոց ձերոց եթե զինչ ագանիցիք ՝,Վասն այդորիկ ասեմ ձեզ ՝ մի հոգայք վասն ոգւոց ձերոց ուտիցէք զինչ կամ զինչ ըմպիցէք ՝ եւ մի վասն մարմնոց ձերոց եթե զինչ ագանիցիք ՝,[0] -> [1] -> [2] -> [3] -> [7]
ոչ եւս կոչեմ զ ձեզ ծառայս ՝ զի ծառայ ն ոչ գիտէ զինչ գործէ տէր ն նորա ՝,ոչ եւս կոչեմ զ ձեզ ծառայս ՝ զի ծառայ ն ոչ գիտէ գործէ զինչ տէր ն նորա ՝,[0] -> [1] -> [2] -> [3] -> [7]
կոչեաց զ աշակերտս ն իւր եւ ասէ ց նոսա ՝ գթամ ես ի վերայ ժողովրդեան դ ՝ զի արդ երեք աւուրք են մինչ առ իս են . եւ ոչ ունին զինչ ուտիցեն ՝,կոչեաց զ աշակերտս ն իւր եւ ասէ ց նոսա ՝ գթամ ես ի վերայ ժողովրդեան դ ՝ զի արդ երեք աւուրք են մինչ առ իս են . եւ ոչ ունին ուտիցեն զինչ ՝,[0] -> [1] -> [2] -> [3] -> [7]
Նաքովր ամս եաւթանասուն եւ ինն ՝ ծնանի զ Թարայ :,Նաքովր ամս եաւթանասուն եւ ինն ՝ զ Թարայ ծնանի :,[0] -> [1] -> [9] -> [11] -> [12] -> [13] -> [19]
Սեմ ամս հարիւր ՝ ծնանի զ Արփաքսաթ :,Սեմ ամս հարիւր ՝ զ Արփաքսաթ ծնանի :,[0] -> [1] -> [9] -> [11] -> [12] -> [13] -> [19]
Այս Արամայիս կեցեալ ամս ՝ ծնանի զ որդի իւր զ Ամասիա . ի վերայ որոյ կեցեալ եւ այլ եւս ամս ՝ մեռաւ :,Այս Արամայիս կեցեալ ամս ՝ զ որդի իւր զ Ամասիա ծնանի . ի վերայ որոյ կեցեալ եւ այլ եւս ամս ՝ մեռաւ :,[0] -> [1] -> [9] -> [11] -> [12] -> [13] -> [19]
Բայց Արամ յետ ամաց կենաց իւրոց ծնաւ զ Արայ ն . յետ որոյ եւ այլս բազումս կեցեալ ամս ՝ մեռաւ :,Բայց Արամ յետ ամաց կենաց իւրոց զ Արայ ն ծնաւ . յետ որոյ եւ այլս բազումս կեցեալ ամս ՝ մեռաւ :,[0] -> [1] -> [9] -> [11] -> [12] -> [13] -> [19]
Քուշ ծնանի զ Մեստրայիմ :,Քուշ զ Մեստրայիմ ծնանի :,[0] -> [1] -> [9] -> [11] -> [12] -> [13] -> [19]
Բաբ ծնանի զ Անեբիս :,Բաբ զ Անեբիս ծնանի :,[0] -> [1] -> [9] -> [11] -> [12] -> [13] -> [19]
Սա կեցեալ ամս հարիւր եւ իննսուն ծնանի զ Կայինան . Կայինան կեցեալ ամս հարիւր եւ եաւթանասուն ծնանի զ Մաղաղայէլ . Մաղաղայէլ կեցեալ ամս հարիւր վաթսուն եւ հինգ ծնանի զ Յարեդ . Յարեդ կեցեալ ամս հարիւր վաթսուն եւ երկու ծնանի զ Ենովք . Ենովք կեցեալ ամս հարիւր վաթսուն եւ հինգ ծնանի զ Մաթուսաղայ :,Սա կեցեալ ամս հարիւր եւ իննսուն ծնանի զ Կայինան . Կայինան կեցեալ ամս հարիւր եւ եաւթանասուն զ Մաղաղայէլ ծնանի . Մաղաղայէլ կեցեալ ամս հարիւր վաթսուն եւ հինգ ծնանի զ Յարեդ . Յարեդ կեցեալ ամս հարիւր վաթսուն եւ երկու ծնանի զ Ենովք . Ենովք կեցեալ ամս հարիւր վաթսուն եւ հինգ ծնանի զ Մաթուսաղայ :,[0] -> [1] -> [9] -> [11] -> [12] -> [13] -> [19]
Արամանեակ ծնանի զ Արամայիս :,Արամանեակ զ Արամայիս ծնանի :,[0] -> [1] -> [9] -> [11] -> [12] -> [13] -> [19]
"Եւ եղեւ ի հասանել ն նոցա անդր . լցան աւուրք ծնանելոյ նորա ՝ եւ ծնաւ զ որդի ն իւր զ անդրանիկ . եւ պատեաց ի խանձարուրս , եւ եդ զ նա ի մսուր . զի ոչ գոյր նոցա տեղի յ իջավանի ն :","Եւ եղեւ ի հասանել ն նոցա անդր . լցան աւուրք ծնանելոյ նորա ՝ եւ զ որդի ն իւր զ անդրանիկ ծնաւ . եւ պատեաց ի խանձարուրս , եւ եդ զ նա ի մսուր . զի ոչ գոյր նոցա տեղի յ իջավանի ն :",[0] -> [1] -> [9] -> [11] -> [12] -> [13] -> [19]
Եղիուդ ծնաւ զ Եղեազար :,Եղիուդ զ Եղեազար ծնաւ :,[0] -> [1] -> [9] -> [11] -> [12] -> [13] -> [19]
Եբեր ամս հարիւր երեսուն եւ չորս ՝ ծնանի զ Փաղեկ :,Եբեր ամս հարիւր երեսուն եւ չորս ՝ զ Փաղեկ ծնանի :,[0] -> [1] -> [9] -> [11] -> [12] -> [13] -> [19]
Եւ ի յ երկարագոյն ս նայել իմ յ այնպիսի երեւումն եւ ի հիացման լինել ՝ ծնաւ յանկարծ կին ն երիս կատարեալս ի դիւցազանց հասակաւ եւ բնութեամբ :,Եւ ի յ երկարագոյն ս նայել իմ յ այնպիսի երեւումն եւ ի հիացման լինել ՝ երիս կատարեալս ի դիւցազանց հասակաւ եւ բնութեամբ ծնաւ յանկարծ կին ն :,[0] -> [1] -> [9] -> [11] -> [12] -> [13] -> [19]
Ռագաւ ամս հարիւր եւ երեսուն ՝ ծնանի զ Սերուք :,Ռագաւ ամս հարիւր եւ երեսուն ՝ զ Սերուք ծնանի :,[0] -> [1] -> [9] -> [11] -> [12] -> [13] -> [19]
"Իսկ Գեղամ յետ ամաց անցանելոյ ծնաւ զ Հարմայ յ Արմաւիր . եւ թողեալ զ Հարմայ յ Արմաւիր հանդերձ որդւովք բնակել , եւ ինքն գնաց զ միւս լերամբ ն արեւելեան հիւսիսոյ , յ եզր ծովակի միոյ :","Իսկ Գեղամ յետ ամաց անցանելոյ զ Հարմայ ծնաւ յ Արմաւիր . եւ թողեալ զ Հարմայ յ Արմաւիր հանդերձ որդւովք բնակել , եւ ինքն գնաց զ միւս լերամբ ն արեւելեան հիւսիսոյ , յ եզր ծովակի միոյ :",[0] -> [1] -> [9] -> [11] -> [12] -> [13] -> [19]
"Այս Գեղամ , որպէս ասացաք , յետ ամաց կենաց իւրոց ծնաւ զ Հարմայ . յետ որոյ կեցեալ եւ այլս եւս ՝ եւ մեռաւ :","Այս Գեղամ , որպէս ասացաք , յետ ամաց կենաց իւրոց զ Հարմայ ծնաւ . յետ որոյ կեցեալ եւ այլս եւս ՝ եւ մեռաւ :",[0] -> [1] -> [9] -> [11] -> [12] -> [13] -> [19]
Եզրովն ծնաւ զ Արամ :,Եզրովն զ Արամ ծնաւ :,[0] -> [1] -> [9] -> [11] -> [12] -> [13] -> [19]
Թորգոմ ծնանի զ Հայկ :,Թորգոմ զ Հայկ ծնանի :,[0] -> [1] -> [9] -> [11] -> [12] -> [13] -> [19]
Ամինադաբ ծնաւ զ Նաասսովն :,Ամինադաբ զ Նաասսովն ծնաւ :,[0] -> [1] -> [9] -> [11] -> [12] -> [13] -> [19]
"Մաթուսաղայ կեցեալ ամս հարիւր վաթսուն եւ հինգ ծնանի զ Ղամեք . Ղամեք կեցեալ ամս հարիւր ութսուն եւ ութ ծնանի որդի , եւ անուանէ զ նա Նոյ :","Մաթուսաղայ կեցեալ ամս հարիւր վաթսուն եւ հինգ զ Ղամեք ծնանի . Ղամեք կեցեալ ամս հարիւր ութսուն եւ ութ ծնանի որդի , եւ անուանէ զ նա Նոյ :",[0] -> [1] -> [9] -> [11] -> [12] -> [13] -> [19]
Մատթան ծնաւ զ Յակովբ :,Մատթան զ Յակովբ ծնաւ :,[0] -> [1] -> [9] -> [11] -> [12] -> [13] -> [19]
Ադամ նախաստեղծ . սա կեցեալ ամս երկերիւր եւ երեսուն ՝ ծնանի զ Սէթ . Սէթ կեցեալ ամս երկերիւր եւ հինգ ՝ ծնանի զ Ենովս :,Ադամ նախաստեղծ . սա կեցեալ ամս երկերիւր եւ երեսուն ՝ զ Սէթ ծնանի . Սէթ կեցեալ ամս երկերիւր եւ հինգ ՝ ծնանի զ Ենովս :,[0] -> [1] -> [9] -> [11] -> [12] -> [13] -> [19]
"Եւ ի սոցանէ հատեալ գտան ազգ սկայից ն , անհեդեդք , յաղթանդամք մարմնով եւ վիթխարիք . որք յղացեալ ամբարտաւանութեամբ ՝ ծնան զ ամբարիշտ խորհուրդ աշտարակաշինութեան ն , եւ ի նոյն լինէին ի գործ անկեալք . յ որ հողմ ահագին իմն եւ աստուածային շնչեցեալ ի դից ն ցասմանէ ՝ ցրէ զ ամբարտակ ն , եւ մարդկան ն անլուր բարբառ ս իւրաքանչիւր ումեք բաշխեալ , աղմուկ շփոթի ի մէջ արկանէին :","Եւ ի սոցանէ հատեալ գտան ազգ սկայից ն , անհեդեդք , յաղթանդամք մարմնով եւ վիթխարիք . որք յղացեալ ամբարտաւանութեամբ ՝ զ ամբարիշտ խորհուրդ աշտարակաշինութեան ն ծնան , եւ ի նոյն լինէին ի գործ անկեալք . յ որ հողմ ահագին իմն եւ աստուածային շնչեցեալ ի դից ն ցասմանէ ՝ ցրէ զ ամբարտակ ն , եւ մարդկան ն անլուր բարբառ ս իւրաքանչիւր ումեք բաշխեալ , աղմուկ շփոթի ի մէջ արկանէին :",[0] -> [1] -> [9] -> [11] -> [12] -> [13] -> [19]
Աքազ ծնաւ զ Եզեկիա :,Աքազ զ Եզեկիա ծնաւ :,[0] -> [1] -> [9] -> [11] -> [12] -> [13] -> [19]
"Աստ ծնաւ զ որդի իւր զ Սիսակ , զ այր սէգ եւ անձնեայ , բարեգեղ , կորովաբան եւ գեղեցկաղեղն :","Աստ զ որդի իւր զ Սիսակ , զ այր սէգ եւ անձնեայ , բարեգեղ , կորովաբան եւ գեղեցկաղեղն ծնաւ :",[0] -> [1] -> [9] -> [11] -> [12] -> [13] -> [19]
Աբիա ծնաւ զ Ասափ :,Աբիա զ Ասափ ծնաւ :,[0] -> [1] -> [9] -> [11] -> [12] -> [13] -> [19]
Արփաքսաթ ամս հարիւր երեսուն եւ հինգ ՝ ծնանի զ Կայինան :,Արփաքսաթ ամս հարիւր երեսուն եւ հինգ ՝ զ Կայինան ծնանի :,[0] -> [1] -> [9] -> [11] -> [12] -> [13] -> [19]
Սա կեցեալ ամս ՝ ծնաւ զ Կարդոս :,Սա կեցեալ ամս ՝ զ Կարդոս ծնաւ :,[0] -> [1] -> [9] -> [11] -> [12] -> [13] -> [19]
Դաւիթ ծնաւ զ Սաղովմովն ի կնոջէ ն Ուրիա :,Դաւիթ զ Սաղովմովն ծնաւ ի կնոջէ ն Ուրիա :,[0] -> [1] -> [9] -> [11] -> [12] -> [13] -> [19]
Գամեր ծնանի զ Թիրաս :,Գամեր զ Թիրաս ծնանի :,[0] -> [1] -> [9] -> [11] -> [12] -> [13] -> [19]
Քամ ծնանի զ Քուշ :,Քամ զ Քուշ ծնանի :,[0] -> [1] -> [9] -> [11] -> [12] -> [13] -> [19]
Յովրամ ծնաւ զ Ոզիա :,Յովրամ զ Ոզիա ծնաւ :,[0] -> [1] -> [9] -> [11] -> [12] -> [13] -> [19]
"Սա կեցեալ ամս ՝ ծնանի զ Արամանեակ ի Բաբելոնի , որպէս վերագոյն ասացաք :","Սա կեցեալ ամս ՝ զ Արամանեակ ծնանի ի Բաբելոնի , որպէս վերագոյն ասացաք :",[0] -> [1] -> [9] -> [11] -> [12] -> [13] -> [19]
"Եւ յետ ծնանելոյ զ սոսա ՝ անցանէ զ գետով ն մերձ ի լեառն ն հարաւոյ , եւ շինէ անդ առ խորշիւք լեռնոտին ն մեծապէս ծախիւք երկուս տունս , զ մի ն յ արեւելս կոյս , մաւտ յ ակունս աղբերց ն , որ առ ստորոտով լերին ն ելանեն . իսկ զ միւս ն յ արեւմուտս կոյս նորին տան ն , բացագոյն իբր մեծաւր հասարակ աւուր միոյ հետեւակագնացի առն ճանապարհի :","Եւ յետ զ սոսա ծնանելոյ ՝ անցանէ զ գետով ն մերձ ի լեառն ն հարաւոյ , եւ շինէ անդ առ խորշիւք լեռնոտին ն մեծապէս ծախիւք երկուս տունս , զ մի ն յ արեւելս կոյս , մաւտ յ ակունս աղբերց ն , որ առ ստորոտով լերին ն ելանեն . իսկ զ միւս ն յ արեւմուտս կոյս նորին տան ն , բացագոյն իբր մեծաւր հասարակ աւուր միոյ հետեւակագնացի առն ճանապարհի :",[0] -> [1] -> [9] -> [11] -> [12] -> [13] -> [19]
Եղիակիմ ծնաւ զ Ազովր :,Եղիակիմ զ Ազովր ծնաւ :,[0] -> [1] -> [9] -> [11] -> [12] -> [13] -> [19]
Հայկ ծնանի զ Արամանեակ :,Հայկ զ Արամանեակ ծնանի :,[0] -> [1] -> [9] -> [11] -> [12] -> [13] -> [19]
Իսահակ ծնաւ զ Յակովբ :,Իսահակ զ Յակովբ ծնաւ :,[0] -> [1] -> [9] -> [11] -> [12] -> [13] -> [19]
Ոզիա ծնաւ զ Յովաթամ :,Ոզիա զ Յովաթամ ծնաւ :,[0] -> [1] -> [9] -> [11] -> [12] -> [13] -> [19]
Կայինան ամս հարիւր եւ քսան ՝ ծնանի զ Սաղայ :,Կայինան ամս հարիւր եւ քսան ՝ զ Սաղայ ծնանի :,[0] -> [1] -> [9] -> [11] -> [12] -> [13] -> [19]
Աբրահամ ծնաւ զ Իսահակ :,Աբրահամ զ Իսահակ ծնաւ :,[0] -> [1] -> [9] -> [11] -> [12] -> [13] -> [19]
Սաղաթիէղ ծնաւ զ Զորոբաբէղ :,Սաղաթիէղ զ Զորոբաբէղ ծնաւ :,[0] -> [1] -> [9] -> [11] -> [12] -> [13] -> [19]
Եղեազար ծնաւ զ Մատթան :,Եղեազար զ Մատթան ծնաւ :,[0] -> [1] -> [9] -> [11] -> [12] -> [13] -> [19]
Հարմայ ծնանի զ Արամ :,Հարմայ զ Արամ ծնանի :,[0] -> [1] -> [9] -> [11] -> [12] -> [13] -> [19]
Նեբրովթ ծնանի զ Բաբ :,Նեբրովթ զ Բաբ ծնանի :,[0] -> [1] -> [9] -> [11] -> [12] -> [13] -> [19]
Թարայ ամս եաւթանասուն ՝ ծնանի զ Աբրահամ :,Թարայ ամս եաւթանասուն ՝ զ Աբրահամ ծնանի :,[0] -> [1] -> [9] -> [11] -> [12] -> [13] -> [19]
"Ամասիա բնակեալ յ Արմաւիր ՝ յետ ամաց ծնանի զ Գեղամ , եւ յետ Գեղամայ զ Փառոխ արի եւ զ Ցոլակ :","Ամասիա բնակեալ յ Արմաւիր ՝ յետ ամաց զ Գեղամ ծնանի , եւ յետ Գեղամայ զ Փառոխ արի եւ զ Ցոլակ :",[0] -> [1] -> [9] -> [11] -> [12] -> [13] -> [19]
Յակովբ ծնաւ զ Յուդա ՝ եւ զ եղբարս նորա :,Յակովբ զ Յուդա ՝ եւ զ եղբարս նորա ծնաւ :,[0] -> [1] -> [9] -> [11] -> [12] -> [13] -> [19]
Սերուք ամս հարիւր եւ երեսուն ՝ ծնանի զ Նաքովր :,Սերուք ամս հարիւր եւ երեսուն ՝ զ Նաքովր ծնանի :,[0] -> [1] -> [9] -> [11] -> [12] -> [13] -> [19]
Յեսսե ծնաւ զ Դաւիթ արքայ :,Յեսսե զ Դաւիթ արքայ ծնաւ :,[0] -> [1] -> [9] -> [11] -> [12] -> [13] -> [19]
Անեբիս ծնանի զ Արբէլ :,Անեբիս զ Արբէլ ծնանի :,[0] -> [1] -> [9] -> [11] -> [12] -> [13] -> [19]
"Սեմ կեցեալ ամս հարիւր , յետ երկուց ամաց ջրհեղեղի ն , ըստ աստուածային բանից , ծնանի զ Արփաքսաթ :","Սեմ կեցեալ ամս հարիւր , յետ երկուց ամաց ջրհեղեղի ն , ըստ աստուածային բանից , զ Արփաքսաթ ծնանի :",[0] -> [1] -> [9] -> [11] -> [12] -> [13] -> [19]
Յետ գերութեան ն Բաբեղացւոց ծնաւ Յեքոնիա զ Սաղաթիէղ :,Յետ գերութեան ն Բաբեղացւոց զ Սաղաթիէղ ծնաւ Յեքոնիա :,[0] -> [1] -> [9] -> [11] -> [12] -> [13] -> [19]
Ասափ ծնաւ զ Յովսափաթ :,Ասափ զ Յովսափաթ ծնաւ :,[0] -> [1] -> [9] -> [11] -> [12] -> [13] -> [19]
Յուդա ծնաւ զ Փարես եւ զ Զարա ի Թամարա :,Յուդա զ Փարես եւ զ Զարա ծնաւ ի Թամարա :,[0] -> [1] -> [9] -> [11] -> [12] -> [13] -> [19]
Ովբէդ ծնաւ զ Յեսսե :,Ովբէդ զ Յեսսե ծնաւ :,[0] -> [1] -> [9] -> [11] -> [12] -> [13] -> [19]
Մեստրայիմ ծնանի զ Նեբրովթ :,Մեստրայիմ զ Նեբրովթ ծնանի :,[0] -> [1] -> [9] -> [11] -> [12] -> [13] -> [19]
Աքին ծնաւ զ Եղիուդ :,Աքին զ Եղիուդ ծնաւ :,[0] -> [1] -> [9] -> [11] -> [12] -> [13] -> [19]
Այս Արամանեակ կեցեալ ամս ՝ ծնաւ զ Արամայիս . եւ յետոյ կեցեալ ամս շատ ՝ մեռաւ :,Այս Արամանեակ կեցեալ ամս ՝ զ Արամայիս ծնաւ . եւ յետոյ կեցեալ ամս շատ ՝ մեռաւ :,[0] -> [1] -> [9] -> [11] -> [12] -> [13] -> [19]
Սաղոմովն ծնաւ զ Րոբովամ :,Սաղոմովն զ Րոբովամ ծնաւ :,[0] -> [1] -> [9] -> [11] -> [12] -> [13] -> [19]
Ադամ նախաստեղծ . սա կեցեալ ամս երկերիւր եւ երեսուն ՝ ծնանի զ Սէթ . Սէթ կեցեալ ամս երկերիւր եւ հինգ ՝ ծնանի զ Ենովս :,Ադամ նախաստեղծ . սա կեցեալ ամս երկերիւր եւ երեսուն ՝ ծնանի զ Սէթ . Սէթ կեցեալ ամս երկերիւր եւ հինգ ՝ զ Ենովս ծնանի :,[0] -> [1] -> [9] -> [11] -> [12] -> [13] -> [19]
Քայաղ ծնանի զ միւս Արբէլ :,Քայաղ զ միւս Արբէլ ծնանի :,[0] -> [1] -> [9] -> [11] -> [12] -> [13] -> [19]
"Յակովբ ծնաւ զ Յովսէփ զ այր ն Մարիամա , որում խաւսեցեալ զ Մարիամ կոյս յ որմէ ծնաւ ն որ անուանեցաւ Քրիստոս :","Յակովբ զ Յովսէփ զ այր ն Մարիամա , որում խաւսեցեալ զ Մարիամ կոյս յ որմէ ծնաւ ն որ անուանեցաւ Քրիստոս ծնաւ :",[0] -> [1] -> [9] -> [11] -> [12] -> [13] -> [19]
Ամովս ծնաւ զ Յովսիա :,Ամովս զ Յովսիա ծնաւ :,[0] -> [1] -> [9] -> [11] -> [12] -> [13] -> [19]
"Որում ոչ կամեցեալ հնազանդ լինել Հայկայ , յետ ծնանելոյ զ որդի իւր զ Արամանեակ ի Բաբելոնի չու արարեալ գնայ յ երկիր ն Արարադայ , որ է ի կողմանս հիւսիսոյ , հանդերձ որդւովք իւրովք եւ դստերաւք եւ որդւոց որդւովք , արամբք զաւրաւորաւք , թուով իբրեւ երեքհարիւր , եւ այլովք ընդոծնաւք եւ եկաւք յարեցելովք ի նա եւ բոլոր աղխիւ :","Որում ոչ կամեցեալ հնազանդ լինել Հայկայ , յետ զ որդի իւր զ Արամանեակ ծնանելոյ ի Բաբելոնի չու արարեալ գնայ յ երկիր ն Արարադայ , որ է ի կողմանս հիւսիսոյ , հանդերձ որդւովք իւրովք եւ դստերաւք եւ որդւոց որդւովք , արամբք զաւրաւորաւք , թուով իբրեւ երեքհարիւր , եւ այլովք ընդոծնաւք եւ եկաւք յարեցելովք ի նա եւ բոլոր աղխիւ :",[0] -> [1] -> [9] -> [11] -> [12] -> [13] -> [19]
Թիրաս ծնանի զ Թորգոմ :,Թիրաս զ Թորգոմ ծնանի :,[0] -> [1] -> [9] -> [11] -> [12] -> [13] -> [19]
Փաղեկ ամս հարիւր երեսուն եւ երիս ՝ ծնանի զ Ռագաւ :,Փաղեկ ամս հարիւր երեսուն եւ երիս ՝ զ Ռագաւ ծնանի :,[0] -> [1] -> [9] -> [11] -> [12] -> [13] -> [19]
Յովաթամ ծնաւ զ Աքազ :,Յովաթամ զ Աքազ ծնաւ :,[0] -> [1] -> [9] -> [11] -> [12] -> [13] -> [19]
"եւ ոչ գիտէր զ նա , մինչեւ ծնաւ զ որդի ն իւր զ անդրանիկ ,","եւ ոչ գիտէր զ նա , մինչեւ զ որդի ն իւր զ անդրանիկ ծնաւ ,",[0] -> [1] -> [9] -> [11] -> [12] -> [13] -> [19]
Եզեկիա ծնաւ զ Մանասսէ :,Եզեկիա զ Մանասսէ ծնաւ :,[0] -> [1] -> [9] -> [11] -> [12] -> [13] -> [19]
Սաղմովն ծնաւ զ Բոոս ի Հռեքաբայ :,Սաղմովն զ Բոոս ծնաւ ի Հռեքաբայ :,[0] -> [1] -> [9] -> [11] -> [12] -> [13] -> [19]
Արբէլ ծնանի զ Նինոս :,Արբէլ զ Նինոս ծնանի :,[0] -> [1] -> [9] -> [11] -> [12] -> [13] -> [19]
Իսկ Հարմայ կեցեալ ամս ՝ ծնաւ զ Արամ :,Իսկ Հարմայ կեցեալ ամս ՝ զ Արամ ծնաւ :,[0] -> [1] -> [9] -> [11] -> [12] -> [13] -> [19]
Մանասսէ ծնաւ զ Ամովս :,Մանասսէ զ Ամովս ծնաւ :,[0] -> [1] -> [9] -> [11] -> [12] -> [13] -> [19]
Սաղայ ամս հարիւր եւ երեսուն ՝ ծնանի զ Եբեր :,Սաղայ ամս հարիւր եւ երեսուն ՝ զ Եբեր ծնանի :,[0] -> [1] -> [9] -> [11] -> [12] -> [13] -> [19]
Գեղամ ծնանի զ Հարմայ :,Գեղամ զ Հարմայ ծնանի :,[0] -> [1] -> [9] -> [11] -> [12] -> [13] -> [19]
Արամայիս ծնանի զ Ամասիայ :,Արամայիս զ Ամասիայ ծնանի :,[0] -> [1] -> [9] -> [11] -> [12] -> [13] -> [19]
Յովսափաթ ծնաւ զ Յովրամ :,Յովսափաթ զ Յովրամ ծնաւ :,[0] -> [1] -> [9] -> [11] -> [12] -> [13] -> [19]
Յովսիա ծնաւ զ Յեքոնիա եւ զ եղբարս նորա առ գերութեամբ ն Բաբեղացւոց :,Յովսիա զ Յեքոնիա եւ զ եղբարս նորա ծնաւ առ գերութեամբ ն Բաբեղացւոց :,[0] -> [1] -> [9] -> [11] -> [12] -> [13] -> [19]
Արամ ծնանի զ Արայ ն գեղեցիկ :,Արամ զ Արայ ն գեղեցիկ ծնանի :,[0] -> [1] -> [9] -> [11] -> [12] -> [13] -> [19]
Արամ ծնաւ զ Ամինադաբ :,Արամ զ Ամինադաբ ծնաւ :,[0] -> [1] -> [9] -> [11] -> [12] -> [13] -> [19]
Սա կեցեալ ամս հարիւր եւ իննսուն ծնանի զ Կայինան . Կայինան կեցեալ ամս հարիւր եւ եաւթանասուն ծնանի զ Մաղաղայէլ . Մաղաղայէլ կեցեալ ամս հարիւր վաթսուն եւ հինգ ծնանի զ Յարեդ . Յարեդ կեցեալ ամս հարիւր վաթսուն եւ երկու ծնանի զ Ենովք . Ենովք կեցեալ ամս հարիւր վաթսուն եւ հինգ ծնանի զ Մաթուսաղայ :,Սա կեցեալ ամս հարիւր եւ իննսուն զ Կայինան ծնանի . Կայինան կեցեալ ամս հարիւր եւ եաւթանասուն ծնանի զ Մաղաղայէլ . Մաղաղայէլ կեցեալ ամս հարիւր վաթսուն եւ հինգ ծնանի զ Յարեդ . Յարեդ կեցեալ ամս հարիւր վաթսուն եւ երկու ծնանի զ Ենովք . Ենովք կեցեալ ամս հարիւր վաթսուն եւ հինգ ծնանի զ Մաթուսաղայ :,[0] -> [1] -> [9] -> [11] -> [12] -> [13] -> [19]
Րոբովամ ծնաւ զ Աբիա :,Րոբովամ զ Աբիա ծնաւ :,[0] -> [1] -> [9] -> [11] -> [12] -> [13] -> [19]
Սա կեցեալ ամս հարիւր եւ իննսուն ծնանի զ Կայինան . Կայինան կեցեալ ամս հարիւր եւ եաւթանասուն ծնանի զ Մաղաղայէլ . Մաղաղայէլ կեցեալ ամս հարիւր վաթսուն եւ հինգ ծնանի զ Յարեդ . Յարեդ կեցեալ ամս հարիւր վաթսուն եւ երկու ծնանի զ Ենովք . Ենովք կեցեալ ամս հարիւր վաթսուն եւ հինգ ծնանի զ Մաթուսաղայ :,Սա կեցեալ ամս հարիւր եւ իննսուն ծնանի զ Կայինան . Կայինան կեցեալ ամս հարիւր եւ եաւթանասուն ծնանի զ Մաղաղայէլ . Մաղաղայէլ կեցեալ ամս հարիւր վաթսուն եւ հինգ զ Յարեդ ծնանի . Յարեդ կեցեալ ամս հարիւր վաթսուն եւ երկու ծնանի զ Ենովք . Ենովք կեցեալ ամս հարիւր վաթսուն եւ հինգ ծնանի զ Մաթուսաղայ :,[0] -> [1] -> [9] -> [11] -> [12] -> [13] -> [19]
"այղ յորժամ ծնցի զ մանուկ ն , ոչ եւս յիշէ զ նեղութիւն վասն խնդութեան ն . զի ծնաւ մարդ յ աշխարհ :","այղ յորժամ զ մանուկ ն ծնցի , ոչ եւս յիշէ զ նեղութիւն վասն խնդութեան ն . զի ծնաւ մարդ յ աշխարհ :",[0] -> [1] -> [9] -> [11] -> [12] -> [13] -> [19]
Սադովկ ծնաւ զ Աքին :,Սադովկ զ Աքին ծնաւ :,[0] -> [1] -> [9] -> [11] -> [12] -> [13] -> [19]
Ազովր ծնաւ զ Սադովկ :,Ազովր զ Սադովկ ծնաւ :,[0] -> [1] -> [9] -> [11] -> [12] -> [13] -> [19]
Յաբեթ ծնանի զ Գամեր :,Յաբեթ զ Գամեր ծնանի :,[0] -> [1] -> [9] -> [11] -> [12] -> [13] -> [19]
Նաասսովն ծնաւ զ Սաղմովն :,Նաասսովն զ Սաղմովն ծնաւ :,[0] -> [1] -> [9] -> [11] -> [12] -> [13] -> [19]
Ամասիայ ծնանի զ Գեղամ :,Ամասիայ զ Գեղամ ծնանի :,[0] -> [1] -> [9] -> [11] -> [12] -> [13] -> [19]
Աբիուդ ծնաւ զ Եղիակիմ :,Աբիուդ զ Եղիակիմ ծնաւ :,[0] -> [1] -> [9] -> [11] -> [12] -> [13] -> [19]
Նինոս ծնանի զ Նինուաս :,Նինոս զ Նինուաս ծնանի :,[0] -> [1] -> [9] -> [11] -> [12] -> [13] -> [19]
Արբէլ ծնանի զ Քայաղ :,Արբէլ զ Քայաղ ծնանի :,[0] -> [1] -> [9] -> [11] -> [12] -> [13] -> [19]
Բոոս ծնաւ զ Ովբէդ ի Հռութայ :,Բոոս զ Ովբէդ ծնաւ ի Հռութայ :,[0] -> [1] -> [9] -> [11] -> [12] -> [13] -> [19]
Փարես ծնաւ զ Եզրովն :,Փարես զ Եզրովն ծնաւ :,[0] -> [1] -> [9] -> [11] -> [12] -> [13] -> [19]
Զորոբաբէղ ծնաւ զ Աբիուդ :,Զորոբաբէղ զ Աբիուդ ծնաւ :,[0] -> [1] -> [9] -> [11] -> [12] -> [13] -> [19]
"Եւ յիշեաց Պետրոս զ բան ն զ որ ասաց ց նա Յիսուս , թե չ եւ իցէ հաւու երկիցս խաւսեալ . զի դու երիցս ուրասցես զ իս ՝ եւ սկսաւ լալ :","Եւ յիշեաց Պետրոս զ բան ն ասաց զ որ ց նա Յիսուս , թե չ եւ իցէ հաւու երկիցս խաւսեալ . զի դու երիցս ուրասցես զ իս ՝ եւ սկսաւ լալ :",[0] -> [22]
Ամէն ամէն ասեմ քեզ ՝ զի զ որ ինչ գիտեմք խաւսիմք ՝ եւ զ որ տեսաք վկայեմք . եւ զ վկայութիւն մեր ոչ ընդունիք :,Ամէն ամէն ասեմ քեզ ՝ զի զ որ ինչ գիտեմք խաւսիմք ՝ եւ տեսաք զ որ վկայեմք . եւ զ վկայութիւն մեր ոչ ընդունիք :,[0] -> [22]
Բայց ասեմ ձեզ ՝ թե ընդ ամենայն դատարկ բանի զ որ խաւսիցին մարդիկ . տացեն համար յ աւուր ն դատաստանի ՝ զի ի բանից քոց արդարասցիս . եւ ի բանից քոց պարտաւորեսցիս :,Բայց ասեմ ձեզ ՝ թե ընդ ամենայն դատարկ բանի խաւսիցին զ որ մարդիկ . տացեն համար յ աւուր ն դատաստանի ՝ զի ի բանից քոց արդարասցիս . եւ ի բանից քոց պարտաւորեսցիս :,[0] -> [22]
Եթե զ գործս ն չ էր գործեալ ի նոսա զ որ ոչ այլ ոք գործեաց . մեղ ինչ ոչ գոյր նոցա ՝,Եթե զ գործս ն չ էր գործեալ ի նոսա ոչ այլ ոք գործեաց զ որ . մեղ ինչ ոչ գոյր նոցա ՝,[0] -> [22]
"Զ որ աստ ուրեմն Զրադաշտ մոգ , արքայ Բակտրիացւոց , որ է Մեդաց , սկիզբն եւ հայր աստուածոց ն ասաց լինել . եւ բազում այլ ինչ զ նմանէ առասպելեաց , զ որ անտեղի է մեզ այժմ երկրորդել :","Զ որ աստ ուրեմն Զրադաշտ մոգ , արքայ Բակտրիացւոց , որ է Մեդաց , սկիզբն եւ հայր աստուածոց ն ասաց լինել . եւ բազում այլ ինչ զ նմանէ առասպելեաց անտեղի , զ որ է մեզ այժմ երկրորդել :",[0] -> [22]
Երանի է ծառայի ն այնմիկ ՝ զ որ եկեալ Տէր ն գտանիցէ արարեալ այնպէս ՝,Երանի է ծառայի ն այնմիկ ՝ եկեալ Տէր ն գտանիցէ զ որ արարեալ այնպէս ՝,[0] -> [22]
"եւ դուք ասէք , որ ասիցէ ց հայր իւր կամ ց մայր իւր թե պատարագ է զ որ յ ինէն ն աւգտիցիս . եւ ոչ պատուիցէ զ հայր իւր եւ զ մայր իւր ՝","եւ դուք ասէք , որ ասիցէ ց հայր իւր կամ ց մայր իւր թե պատարագ է յ ինէն ն աւգտիցիս զ որ . եւ ոչ պատուիցէ զ հայր իւր եւ զ մայր իւր ՝",[0] -> [22]
Եւ զ այս մեզ Աբիւդենոս յ իւրում առաջնում առանձնականի իմն մանր ազգաբանութեան ասէ . զ որ աստ ուրեմն յետոյ ոմանք բարձին :,Եւ զ այս մեզ Աբիւդենոս յ իւրում առաջնում առանձնականի իմն մանր ազգաբանութեան ասէ . աստ ուրեմն յետոյ ոմանք բարձին զ որ :,[0] -> [22]
"նման է հատոյ մանանխոյ , զ որ առեալ մարդոյ արկ ի պարտէզ իւր ՝ աճեաց եւ եղեւ ծառ . եւ թռչունք երկնից բնակեալ եին յ ոստս նորա :","նման է հատոյ մանանխոյ , առեալ մարդոյ արկ զ որ ի պարտէզ իւր ՝ աճեաց եւ եղեւ ծառ . եւ թռչունք երկնից բնակեալ եին յ ոստս նորա :",[0] -> [22]
Ապա ընթանայ եւ գայ առ Սիմովն Պետրոս ՝ եւ առ միւս աշակերտ ն զ որ սիրէր Յիսուս ՝ եւ ասէ ց նոսա ՝ բարձին զ Տէր ի գերեզմանէ անտի . եւ ոչ գիտեմք ուր եդին զ նա :,Ապա ընթանայ եւ գայ առ Սիմովն Պետրոս ՝ եւ առ միւս աշակերտ ն սիրէր զ որ Յիսուս ՝ եւ ասէ ց նոսա ՝ բարձին զ Տէր ի գերեզմանէ անտի . եւ ոչ գիտեմք ուր եդին զ նա :,[0] -> [22]
Եւ նա հայեցեալ ընդ նոսա ասէ ՝ Իսկ զինչ ՞ իցէ այն որ գրեալ ն է ՝ եթե վէմ ն զ որ անարգեցին շինաւղք . նա եղեւ գլուխ անկեան :,Եւ նա հայեցեալ ընդ նոսա ասէ ՝ Իսկ զինչ ՞ իցէ այն որ գրեալ ն է ՝ եթե վէմ ն անարգեցին զ որ շինաւղք . նա եղեւ գլուխ անկեան :,[0] -> [22]
զ գործս ն զ որ ետ ց իս հայր զի կատարեցից զ նոսա . նոքին իսկ գործք ն զ որ գործեմ վկայեն վասն իմ եթե հայր առաքեաց զ իս :,զ գործս ն ետ զ որ ց իս հայր զի կատարեցից զ նոսա . նոքին իսկ գործք ն զ որ գործեմ վկայեն վասն իմ եթե հայր առաքեաց զ իս :,[0] -> [22]
"Եւ իբրեւ այգ եղեւ կոչեաց զ աշակերտս ն իւր ՝ եւ ընտրեաց ի նոցանէ երկոտասանս զ որս եւ առաքեալս անուանեաց ՝ զ Սիմովն զ որ եւ Պետրոս ն անուանեաց . եւ զ Անդրեաս զ եղբայր ն նորին ՝ եւ զ Յակովբոս եւ զ Յովհաննէս , եւ զ Փիղիպպոս եւ զ Բարթողոմեոս . եւ զ Մատթեոս . եւ զ Թովմաս , եւ զ Յակովբոս Աղփեայ , եւ զ Սիմովն զ կոչեցեալ ն նախանձայոյս , եւ զ Յուդա Յակովբայ , եւ զ Յուդա Իսկարիովտացի . որ եղեւ իսկ մատնիչ :","Եւ իբրեւ այգ եղեւ կոչեաց զ աշակերտս ն իւր ՝ եւ ընտրեաց ի նոցանէ երկոտասանս եւ առաքեալս անուանեաց զ որս ՝ զ Սիմովն զ որ եւ Պետրոս ն անուանեաց . եւ զ Անդրեաս զ եղբայր ն նորին ՝ եւ զ Յակովբոս եւ զ Յովհաննէս , եւ զ Փիղիպպոս եւ զ Բարթողոմեոս . եւ զ Մատթեոս . եւ զ Թովմաս , եւ զ Յակովբոս Աղփեայ , եւ զ Սիմովն զ կոչեցեալ ն նախանձայոյս , եւ զ Յուդա Յակովբայ , եւ զ Յուդա Իսկարիովտացի . որ եղեւ իսկ մատնիչ :",[0] -> [22]
ասեմ ձեզ ՝ զի բազում մարգարէք եւ թագաւորք կամեցան տեսանել զ որ դուք դ տեսանէք . եւ ոչ տեսին ՝ եւ լսել զ որ լսէք դ . եւ ոչ լուան :,ասեմ ձեզ ՝ զի բազում մարգարէք եւ թագաւորք կամեցան տեսանել դուք տեսանէք զ որ դ . եւ ոչ տեսին ՝ եւ լսել զ որ լսէք դ . եւ ոչ լուան :,[0] -> [22]
Զ բաժակ ն զ որ ետ ինձ հայր . ոչ ՞ ըմպիցեմ զ նա :,Զ բաժակ ն ետ զ որ ինձ հայր . ոչ ՞ ըմպիցեմ զ նա :,[0] -> [22]
Յիշեցէք զ բան ն զ որ ասացի ձեզ . թե ոչ է ծառայ մեծ քան զ Տէր իւր :,Յիշեցէք զ բան ն ասացի զ որ ձեզ . թե ոչ է ծառայ մեծ քան զ Տէր իւր :,[0] -> [22]
այղ զ ձեզ կոչեցի բարեկամս ՝ զի զ ամենայն զ որ լուա ի հաւրէ իմմէ ծանուցի ձեզ :,այղ զ ձեզ կոչեցի բարեկամս ՝ զի զ ամենայն լուա զ որ ի հաւրէ իմմէ ծանուցի ձեզ :,[0] -> [22]
ժողովեցան առաքեալք ն առ Յիսուս ՝ եւ պատմեցին նմա զ ամենայն ինչ զ որ արարին . եւ զ որ ուսուցին :,ժողովեցան առաքեալք ն առ Յիսուս ՝ եւ պատմեցին նմա զ ամենայն ինչ արարին զ որ . եւ զ որ ուսուցին :,[0] -> [22]
Այս են կամք հաւր իմոյ որ առաքեաց ն զ իս ՝ զի զ ամենայն զ որ ետ ց իս հայր ոչ կորուսից ի նմանէ ՝ այղ յարուցից զ նա յ աւուր ն յետնում :,Այս են կամք հաւր իմոյ որ առաքեաց ն զ իս ՝ զի զ ամենայն ետ զ որ ց իս հայր ոչ կորուսից ի նմանէ ՝ այղ յարուցից զ նա յ աւուր ն յետնում :,[0] -> [22]
"Եկն միւս ն եւ ասէ ՝ Տէր , ահա մնաս ն քո զ որ ունեի ծրարեալ ի վարշամակի ՝ երկնչեի ի քէն . զի այր ստամբակ ես , բառնաս զ որ ոչ եդիր . եւ հնձես զ որ ոչ սերմանեցեր :","Եկն միւս ն եւ ասէ ՝ Տէր , ահա մնաս ն քո ունեի զ որ ծրարեալ ի վարշամակի ՝ երկնչեի ի քէն . զի այր ստամբակ ես , բառնաս զ որ ոչ եդիր . եւ հնձես զ որ ոչ սերմանեցեր :",[0] -> [22]
Զի լցցի բան ն զ որ ասաց ՝ թե զ որս ետուր ն ց իս . ոչ կորուսից ի նոցանէ եւ ոչ զ ոք :,Զի լցցի բան ն ասաց զ որ ՝ թե զ որս ետուր ն ց իս . ոչ կորուսից ի նոցանէ եւ ոչ զ ոք :,[0] -> [22]
Եկին բազումք առ նա եւ ասեն ՝ զի Յովհաննէս նշան ինչ ոչ արար ՝ բայց զ ամենայն զ որ ասաց Յովհաննէս վասն սորա . ճշմարիտ էր ՝ եւ բազումք հաւատացին ի նա անդ :,Եկին բազումք առ նա եւ ասեն ՝ զի Յովհաննէս նշան ինչ ոչ արար ՝ բայց զ ամենայն ասաց զ որ Յովհաննէս վասն սորա . ճշմարիտ էր ՝ եւ բազումք հաւատացին ի նա անդ :,[0] -> [22]
Երանի իցէ ծառայի ն այնմիկ ՝ զ որ եկեալ Տէր իւր գտանիցէ արարեալ այնպէս :,Երանի իցէ ծառայի ն այնմիկ ՝ եկեալ Տէր իւր գտանիցէ զ որ արարեալ այնպէս :,[0] -> [22]
Իբրեւ տեսին քահանայապետք ն եւ դպիրք ն սքանչելիս ն զ որ արար ՝ եւ զ մանկտի ն որ աղաղակեին ի տաճարի ն եւ ասեին աւհրնութիւն որդւոյ Դաւթի . բարկացան ՝ եւ ասեն ց նա ՝ լսես զինչ ասեն դ դոքա :,Իբրեւ տեսին քահանայապետք ն եւ դպիրք ն սքանչելիս ն արար զ որ ՝ եւ զ մանկտի ն որ աղաղակեին ի տաճարի ն եւ ասեին աւհրնութիւն որդւոյ Դաւթի . բարկացան ՝ եւ ասեն ց նա ՝ լսես զինչ ասեն դ դոքա :,[0] -> [22]
Նա ասէ ց նոսա ՝ ես կերակուր ունիմ ուտել զ որ դուք ն ոչ գիտէք ՝,Նա ասէ ց նոսա ՝ ես կերակուր ունիմ ուտել դուք ոչ գիտէք զ որ ն ՝,[0] -> [22]
զինչ ՞ է բան ն այն զ որ ասաց . խնդրիցէք զ իս եւ ոչ գտանիցէք . եւ ուր ես ն երթամ դուք ոչ կարիցէք գալ :,զինչ ՞ է բան ն այն ասաց զ որ . խնդրիցէք զ իս եւ ոչ գտանիցէք . եւ ուր ես ն երթամ դուք ոչ կարիցէք գալ :,[0] -> [22]
Պատասխանի ետ Յիսուս եւ ասէ ց նոսա ՝ ոչ գիտէք զինչ խնդրէք ՝ կարէք ՞ ըմպել զ բաժակ ն զ որ ես ըմպելոց եմ . կամ զ մկրտութիւն ն մկրտել զ որ ես մկրտելոց ն եմ ՝,Պատասխանի ետ Յիսուս եւ ասէ ց նոսա ՝ ոչ գիտէք զինչ խնդրէք ՝ կարէք ՞ ըմպել զ բաժակ ն ես ըմպելոց զ որ եմ . կամ զ մկրտութիւն ն մկրտել զ որ ես մկրտելոց ն եմ ՝,[0] -> [22]
Եւ էր ի ժողովրդեան ն այր մի զ որ ունէր այս դիւի պղծոյ ՝ եւ աղաղակեալ ի ձայն մեծ ասէ ՝ թուղացո զի ՞ կայ մեր եւ քո Յիսուս Նազովրեցի ՝ եկիր կորուսանել ՞ զ մեզ գիտեմ քեզ ով ես ՝ սուրբ դ Աստուածոյ :,Եւ էր ի ժողովրդեան ն այր մի ունէր զ որ այս դիւի պղծոյ ՝ եւ աղաղակեալ ի ձայն մեծ ասէ ՝ թուղացո զի ՞ կայ մեր եւ քո Յիսուս Նազովրեցի ՝ եկիր կորուսանել ՞ զ մեզ գիտեմ քեզ ով ես ՝ սուրբ դ Աստուածոյ :,[0] -> [22]
"Եւ ընդ ելանել ն նորա ի նաւէ անտի . պատահեաց նմա այր մի ի գերեզմանաց ն զ որ ունէր այս պիղծ ՝ որո եւ բնակութիւն իւր իսկ ի գերեզմանս էր ՝ եւ ոչ շղթայիւք ոք եւս կարէր կապել զ նա , վասն բազում անգամ ոտնկապաւք եւ շղթայիւք կապելոյ ՝ եւ խզելոյ ի նմանէ զ շղթայս ն . եւ զ ոտնկապս ն խորտակելոյ ՝ եւ ոչ ոք կարէր պարտել զ նա ՝ Քանզի հանապազ զ ցայգ եւ զ ցերեկ ի գերեզմանս . եւ ի լերինս աղաղակէր . եւ կոծէր զ անձն իւր քարամբք :","Եւ ընդ ելանել ն նորա ի նաւէ անտի . պատահեաց նմա այր մի ի գերեզմանաց ն ունէր զ որ այս պիղծ ՝ որո եւ բնակութիւն իւր իսկ ի գերեզմանս էր ՝ եւ ոչ շղթայիւք ոք եւս կարէր կապել զ նա , վասն բազում անգամ ոտնկապաւք եւ շղթայիւք կապելոյ ՝ եւ խզելոյ ի նմանէ զ շղթայս ն . եւ զ ոտնկապս ն խորտակելոյ ՝ եւ ոչ ոք կարէր պարտել զ նա ՝ Քանզի հանապազ զ ցայգ եւ զ ցերեկ ի գերեզմանս . եւ ի լերինս աղաղակէր . եւ կոծէր զ անձն իւր քարամբք :",[0] -> [22]
եւ իբրեւ ածին ծնաւղք ն զ մանուկ ն Յիսուս ՝ առնել նոցա ըստ սովորութեան աւրինաց ն ի վերայ նորա . եւ նա առ ընկալաւ զ նա ի գիրկս իւր . եւ աւհրնեաց զ Աստուած եւ ասէ : Արդ արձակես զ ծառայ քո Տէր ըստ բանի քում ի խաղաղութիւն ՝ զի տեսին աչք իմ զ փրկութիւն քո . զ որ պատրաստեցեր առաջի ամենայն ժողովրդոց ՝ լոյս ի յայտնութիւն հեթանոսաց . եւ փառս ժողովրդեան քում Իսրայեղի :,եւ իբրեւ ածին ծնաւղք ն զ մանուկ ն Յիսուս ՝ առնել նոցա ըստ սովորութեան աւրինաց ն ի վերայ նորա . եւ նա առ ընկալաւ զ նա ի գիրկս իւր . եւ աւհրնեաց զ Աստուած եւ ասէ : Արդ արձակես զ ծառայ քո Տէր ըստ բանի քում ի խաղաղութիւն ՝ զի տեսին աչք իմ զ փրկութիւն քո . պատրաստեցեր զ որ առաջի ամենայն ժողովրդոց ՝ լոյս ի յայտնութիւն հեթանոսաց . եւ փառս ժողովրդեան քում Իսրայեղի :,[0] -> [22]
Իբրեւ գիտաց ժողովուրդ բազում ի հրէից ն թե անդ է ՝ եկին ոչ միայն վասն Յիսուսի . այղ զի եւ զ Ղազար տեսցեն զ որ յարոյց ն ի մեռելոց :,Իբրեւ գիտաց ժողովուրդ բազում ի հրէից ն թե անդ է ՝ եկին ոչ միայն վասն Յիսուսի . այղ զի եւ զ Ղազար տեսցեն զ յարոյց որ ն ի մեռելոց :,[0] -> [22]
ամենեքին նոքա ի մթերից իւրեանց արկին յ նծայս ն Աստուածոյ ՝ բայց նա ի կարաւտութենէ իւրմէ . զ ամենայն զ կեանս իւր զ որ ունէր արկ :,ամենեքին նոքա ի մթերից իւրեանց արկին յ նծայս ն Աստուածոյ ՝ բայց նա ի կարաւտութենէ իւրմէ . զ ամենայն զ կեանս իւր ունէր զ որ արկ :,[0] -> [22]
Եւ այլ ինչ բազում է զ որ ընկալան ունել մկրտութիւնս բաժակաց եւ ստոմանաց եւ պղնձեաց եւ մահճաց :,Եւ այլ ինչ բազում է ընկալան զ որ ունել մկրտութիւնս բաժակաց եւ ստոմանաց եւ պղնձեաց եւ մահճաց :,[0] -> [22]
"Բայց նա ասէր վասն տաճարի մարմնոյ ն իւրոյ . Իսկ յորժամ յարեաւ ն ի մեռելոց յիշեցին աշակերտք ն նորա թե այս է զ որ ասաց ն , եւ հաւատացին գրոյ ն . եւ բանի ն զ որ ասաց Յիսուս :","Բայց նա ասէր վասն տաճարի մարմնոյ ն իւրոյ . Իսկ յորժամ յարեաւ ն ի մեռելոց յիշեցին աշակերտք ն նորա թե այս է զ որ ասաց ն , եւ հաւատացին գրոյ ն . եւ բանի ն ասաց զ որ Յիսուս :",[0] -> [22]
Եւ զ ամենայն ինչ զ որ եւ խնդրիցէք յ աղաւթս հաւատովք . առնուցուք,Եւ զ ամենայն ինչ խնդրիցէք զ որ եւ յ աղաւթս հաւատովք . առնուցուք,[0] -> [22]
Զի ՞ կոչէք զ իս Տէր Տէր . եւ զ որ ասեմ ն ոչ առնէք :,Զի ՞ կոչէք զ իս Տէր Տէր . եւ ասեմ զ որ ն ոչ առնէք :,[0] -> [22]
"նման է խմորոյ , զ որ առեալ կնոջ թաքոյց յ ալեր երից գրուաց . մինչեւ խմորեցաւ ամենայն :","նման է խմորոյ , առեալ կնոջ թաքոյց զ որ յ ալեր երից գրուաց . մինչեւ խմորեցաւ ամենայն :",[0] -> [22]
Ասէ ց նոսա Յիսուս ՝ զ բաժակ ն իմ ըմպիցէք ՝ եւ զ մկրտութիւն ն զ որ ես մկրտիմ մկրտիցիք ՝ բայց նստուցանել ընդ աջմէ եւ ընդ ահեկէ իմմէ ՝ ոչ է իմ տալ ՝ այղ որոց տուեալ է ի հաւրէ իմմէ :,Ասէ ց նոսա Յիսուս ՝ զ բաժակ ն իմ ըմպիցէք ՝ եւ զ մկրտութիւն ն ես մկրտիմ զ որ մկրտիցիք ՝ բայց նստուցանել ընդ աջմէ եւ ընդ ահեկէ իմմէ ՝ ոչ է իմ տալ ՝ այղ որոց տուեալ է ի հաւրէ իմմէ :,[0] -> [22]
Դուք արդէն իսկ սուրբ էք վասն բանի ն զ որ խաւսեցայ ընդ ձեզ :,Դուք արդէն իսկ սուրբ էք վասն բանի ն խաւսեցայ զ որ ընդ ձեզ :,[0] -> [22]
"Առաքեցին առ նա քորք ն նորա եւ ասեն ՝ Տէր , ահաւասիկ զ որ դու ն սիրեիր հիւանդացեալ է :","Առաքեցին առ նա քորք ն նորա եւ ասեն ՝ Տէր , ահաւասիկ դու սիրեիր զ որ ն հիւանդացեալ է :",[0] -> [22]
Զ որ ասեմ ձեզ ի խաւարի . ասացէք ի լոյս . եւ զ որ լսէք յ ունկանէ . քարոզեցէք ի վերայ տանեաց :,Զ որ ասեմ ձեզ ի խաւարի . ասացէք ի լոյս . եւ լսէք զ որ յ ունկանէ . քարոզեցէք ի վերայ տանեաց :,[0] -> [22]
"Եւ ընդէր ՞ արդեաւք զ սա միայն որդւոյ անուամբ յորջորջեաց , իսկ վասն այլոց ն ամենեցուն պարզաբար ասաց , թէ ծնան . զ որմէ ընդդէմ իմն մարգարէանայ հայր ն . « Սա , ասէ , հանգուսցէ զ մեզ ի գործոց եւ ի տրտմութենէ ձեռաց եւ յ երկրէ զ որ անէծ տէր Աստուած » :","Եւ ընդէր ՞ արդեաւք զ սա միայն որդւոյ անուամբ յորջորջեաց , իսկ վասն այլոց ն ամենեցուն պարզաբար ասաց , թէ ծնան . զ որմէ ընդդէմ իմն մարգարէանայ հայր ն . « Սա , ասէ , հանգուսցէ զ մեզ ի գործոց եւ ի տրտմութենէ ձեռաց եւ յ երկրէ անէծ զ որ տէր Աստուած » :",[0] -> [22]
Եւ կոչեցեալ առ ինքն զ աշակերտս ն ասէ ց նոսա ՝ ամէն ասեմ ձեզ ՝ զի այրի ն այն տառապեալ շատ արկ քան զ ամենեսեան որ արկին ի գանձանակ ն ՝ քանզի ամենեքին յ աւելորդաց իւրեանց արկին ՝ այղ նա ի չքաւորութենէ իւրմէ . զ ամենայն ինչ զ որ ունէր արկ . գոյիւ չափ զ կեանս իւր :,Եւ կոչեցեալ առ ինքն զ աշակերտս ն ասէ ց նոսա ՝ ամէն ասեմ ձեզ ՝ զի այրի ն այն տառապեալ շատ արկ քան զ ամենեսեան որ արկին ի գանձանակ ն ՝ քանզի ամենեքին յ աւելորդաց իւրեանց արկին ՝ այղ նա ի չքաւորութենէ իւրմէ . զ ամենայն ինչ ունէր զ որ արկ . գոյիւ չափ զ կեանս իւր :,[0] -> [22]
"Պատմի եւ այս , թէ զկնի այսպիսի իրաց կատարման ՝ յուղարկէ թագաւորապէս զ քոյր իւր Տիգրանուհի մեծաւ ամբոխիւ ի Հայս , յ աւան ն ՝ զ որ շինեաց յ իւր անուն Տիգրան , որ է Տիգրանակերտ , եւ զ գաւառս ն զ այնոսիկ ի ծառայութիւն նմա հրամայէ :","Պատմի եւ այս , թէ զկնի այսպիսի իրաց կատարման ՝ յուղարկէ թագաւորապէս զ քոյր իւր Տիգրանուհի մեծաւ ամբոխիւ ի Հայս , յ աւան ն ՝ շինեաց զ որ յ իւր անուն Տիգրան , որ է Տիգրանակերտ , եւ զ գաւառս ն զ այնոսիկ ի ծառայութիւն նմա հրամայէ :",[0] -> [22]
Ասեն ց նա եղբարք ն նորա ՝ գնա աստի եւ երթ ի Հրէաստան ՝ զի եւ աշակերտք ն քո տեսցեն զ գործս դ քո զ որ գործես ՝ զի ոչ ոք է որ ի ծածուկ ինչ գործէ . եւ խնդրէ ինքն համարձակ լինել ՝ եթե զ այդ գործես . յայտնեա զ անձն քո աշխարհի : Քանզի եւ եղբարք ն իսկ չ եին հաւատացեալ ի նա :,Ասեն ց նա եղբարք ն նորա ՝ գնա աստի եւ երթ ի Հրէաստան ՝ զի եւ աշակերտք ն քո տեսցեն զ գործս դ քո գործես զ որ ՝ զի ոչ ոք է որ ի ծածուկ ինչ գործէ . եւ խնդրէ ինքն համարձակ լինել ՝ եթե զ այդ գործես . յայտնեա զ անձն քո աշխարհի : Քանզի եւ եղբարք ն իսկ չ եին հաւատացեալ ի նա :,[0] -> [22]
"Զիարդ ՞ եմուտ նա ի տուն ն Աստուածոյ , եւ զ հաց ն զառաջաւորութեան եկեր եւ ետ այնոցիկ որ ընդ նմայ ն եին ՝ զ որ ոչ էր աւրէն ումեք ուտել , բայց միայն քահանայապետից ն :","Զիարդ ՞ եմուտ նա ի տուն ն Աստուածոյ , եւ զ հաց ն զառաջաւորութեան եկեր եւ ետ այնոցիկ որ ընդ նմայ ն եին ՝ ոչ էր աւրէն զ որ ումեք ուտել , բայց միայն քահանայապետից ն :",[0] -> [22]
եւ զհետ երթայր նորա ժողովուրդ բազում ՝ զի տեսանեին զ նշանս ն զ որ առնէր ի վերայ հիւանդաց :,եւ զհետ երթայր նորա ժողովուրդ բազում ՝ զի տեսանեին զ նշանս ն առնէր զ որ ի վերայ հիւանդաց :,[0] -> [22]
"Հոգի ն է կենդանարար , մարմին ինչ ոչ աւգնէ . զ բան ն զ որ ես խաւսեցայ ընդ ձեզ հոգի է եւ կեանք :","Հոգի ն է կենդանարար , մարմին ինչ ոչ աւգնէ . զ բան ն ես խաւսեցայ զ որ ընդ ձեզ հոգի է եւ կեանք :",[0] -> [22]
Պատասխանի ետ Յիսուս եւ ասէ ՝ ոչ գիտէք զինչ խնդրէք ՝ կարէք ՞ ըմպել զ բաժակ ն զ որ ես ըմպելոց ն եմ . կամ զ մկրտութիւն ն զ որ ես մկրտելոց . մկրտել :,Պատասխանի ետ Յիսուս եւ ասէ ՝ ոչ գիտէք զինչ խնդրէք ՝ կարէք ՞ ըմպել զ բաժակ ն զ որ ես ըմպելոց ն եմ . կամ զ մկրտութիւն ն ես մկրտելոց զ որ . մկրտել :,[0] -> [22]
Եւ տաց քեզ փականս արքայութեան երկնից . եւ զ որ միանգամ կապեսցես յ երկրի . եղիցի կապեալ յ երկինս ՝ եւ զ որ արձակեսցես յ երկրի . եղիցի արձակեալ յ երկինս :,Եւ տաց քեզ փականս արքայութեան երկնից . եւ միանգամ կապեսցես զ որ յ երկրի . եղիցի կապեալ յ երկինս ՝ եւ զ որ արձակեսցես յ երկրի . եղիցի արձակեալ յ երկինս :,[0] -> [22]
եւ ասէ ՝ զգոյշ լեր մի ումեք ինչ ասիցես ՝ այղ երթ ցոյց զ քեզ քահանայի ն . եւ մատո վասն սրբութեան դ քո պատարագ . զ որ հրամայեաց Մովսէս ի վկայութիւն նոցա :,եւ ասէ ՝ զգոյշ լեր մի ումեք ինչ ասիցես ՝ այղ երթ ցոյց զ քեզ քահանայի ն . եւ մատո վասն սրբութեան դ քո պատարագ . հրամայեաց զ որ Մովսէս ի վկայութիւն նոցա :,[0] -> [22]
Եւ բան ն իմ զ որ լսէք ՝ ոչ է իմ ՝ այղ հաւր ն որ առաքեաց ն զ իս :,Եւ բան ն իմ լսէք զ որ ՝ ոչ է իմ ՝ այղ հաւր ն որ առաքեաց ն զ իս :,[0] -> [22]
այլ է որ վկայէ վասն իմ ՝ եւ դուք գիտէք եթե ճշմարիտ է վկայութիւն ն զ որ վկայեաց վասն իմ :,այլ է որ վկայէ վասն իմ ՝ եւ դուք գիտէք եթե ճշմարիտ է վկայութիւն ն վկայեաց զ որ վասն իմ :,[0] -> [22]
զիարդ ՞ եմուտ ի տուն ն Աստուածոյ առ Աբիաթարաւ քահանայապետիւ ՝ եւ զ հացս ն զառաջաւորութեան եկեր ՝ եւ ետ եւ այնոցիկ որ ընդ նմայ ն եին ՝ զ որ ոչ էր աւրէն ուտել բայց միայն քահանայից :,զիարդ ՞ եմուտ ի տուն ն Աստուածոյ առ Աբիաթարաւ քահանայապետիւ ՝ եւ զ հացս ն զառաջաւորութեան եկեր ՝ եւ ետ եւ այնոցիկ որ ընդ նմայ ն եին ՝ ոչ էր աւրէն ուտել զ որ բայց միայն քահանայից :,[0] -> [22]
"այղ ի սկզբանէ արարածոց արու եւ էգ արար զ նոսա Աստուած եւ ասէ ՝ վասն այսորիկ թողցէ այր զ հայր իւր եւ զ մայր ՝ եւ երթիցէ զհետ կնոջ իւրոյ , եւ եղիցին երկուք ն ի մարմին մի ՝ եւ այնուհետեւ ոչ են երկու . այղ մարմին մի ՝ արդ զ որ Աստուած զուգեաց . մարդ մի մեկնեսցէ :","այղ ի սկզբանէ արարածոց արու եւ էգ արար զ նոսա Աստուած եւ ասէ ՝ վասն այսորիկ թողցէ այր զ հայր իւր եւ զ մայր ՝ եւ երթիցէ զհետ կնոջ իւրոյ , եւ եղիցին երկուք ն ի մարմին մի ՝ եւ այնուհետեւ ոչ են երկու . այղ մարմին մի ՝ արդ Աստուած զուգեաց զ որ . մարդ մի մեկնեսցէ :",[0] -> [22]
"Պատասխանի ետ նմա Յիսուս եւ ասէ ՝ ամենայն որ ըմպէ ի ջրոյ յ այդմանէ . միւսանգամ ծարաւէ ՝ բայց որ ըմպէ ի ջրոյ ն զ որ ես տաց նմա . մի ծարաւեսցէ յաւիտեանս ՝ այլ ջուր ն զ որ ես տաց նմա . եղիցի ի նմա աղբեւր , ջրոց բղխելոյ ի կեանս ն յաւիտենականս :","Պատասխանի ետ նմա Յիսուս եւ ասէ ՝ ամենայն որ ըմպէ ի ջրոյ յ այդմանէ . միւսանգամ ծարաւէ ՝ բայց որ ըմպէ ի ջրոյ ն ես տաց զ որ նմա . մի ծարաւեսցէ յաւիտեանս ՝ այլ ջուր ն զ որ ես տաց նմա . եղիցի ի նմա աղբեւր , ջրոց բղխելոյ ի կեանս ն յաւիտենականս :",[0] -> [22]
Եւ բազումք ի ժողովրդենէ ն հաւատացին ի նա . եւ ասեին ՝ Քրիստոս ն յորժամ գայցէ . մի թե աւելի ՞ ինչ նշանս առնիցէ քան զ որ սայ ս առնէ :,Եւ բազումք ի ժողովրդենէ ն հաւատացին ի նա . եւ ասեին ՝ Քրիստոս ն յորժամ գայցէ . մի թե աւելի ՞ ինչ նշանս առնիցէ քան զ սայ ս առնէ որ :,[0] -> [22]
"առնել ողորմութիւն ընդ հարս մեր . եւ յիշել զ ուխտ ն իւր սուրբ ՝ զ երդումն ն զ որ երդուաւ Աբրահամու հաւր մերում , տալ մեզ առանց երկիւղի , ի ձեռաց թշնամեաց փրկեալս . պաշտել զ նա սրբութեամբ եւ արդարութեամբ առաջի նորա զ ամենայն աւուրս կենաց մերոց :","առնել ողորմութիւն ընդ հարս մեր . եւ յիշել զ ուխտ ն իւր սուրբ ՝ զ երդումն ն զ երդուաւ որ Աբրահամու հաւր մերում , տալ մեզ առանց երկիւղի , ի ձեռաց թշնամեաց փրկեալս . պաշտել զ նա սրբութեամբ եւ արդարութեամբ առաջի նորա զ ամենայն աւուրս կենաց մերոց :",[0] -> [22]
"Եկն միւս ն եւ ասէ ՝ Տէր , ահա մնաս ն քո զ որ ունեի ծրարեալ ի վարշամակի ՝ երկնչեի ի քէն . զի այր ստամբակ ես , բառնաս զ որ ոչ եդիր . եւ հնձես զ որ ոչ սերմանեցեր :","Եկն միւս ն եւ ասէ ՝ Տէր , ահա մնաս ն քո զ որ ունեի ծրարեալ ի վարշամակի ՝ երկնչեի ի քէն . զի այր ստամբակ ես , բառնաս ոչ եդիր զ որ . եւ հնձես զ որ ոչ սերմանեցեր :",[0] -> [22]
"իսկ եթե զ նոսա աստուածս ասէ առ որս բան ն Աստուածոյ եղեւ ՝ եւ չ է մարթ եղծանել գրոյ ն ՝ իսկ զ որ հայր սրբեաց եւ առաքեաց յ աշխարհ , դուք ասէք թե հայհոյես ՞ զի ասացի թե որդի Աստուածոյ եմ :","իսկ եթե զ նոսա աստուածս ասէ առ որս բան ն Աստուածոյ եղեւ ՝ եւ չ է մարթ եղծանել գրոյ ն ՝ իսկ հայր սրբեաց զ որ եւ առաքեաց յ աշխարհ , դուք ասէք թե հայհոյես ՞ զի ասացի թե որդի Աստուածոյ եմ :",[0] -> [22]
Եւ դարձեալ առանձինն առ աշակերտս ն ասէ ՝ երանի աչաց որ տեսանիցեն զ որ տեսանէք դ ՝,Եւ դարձեալ առանձինն առ աշակերտս ն ասէ ՝ երանի աչաց որ տեսանիցեն տեսանէք զ որ դ ՝,[0] -> [22]
Եւ տաց քեզ փականս արքայութեան երկնից . եւ զ որ միանգամ կապեսցես յ երկրի . եղիցի կապեալ յ երկինս ՝ եւ զ որ արձակեսցես յ երկրի . եղիցի արձակեալ յ երկինս :,Եւ տաց քեզ փականս արքայութեան երկնից . եւ զ որ միանգամ կապեսցես յ երկրի . եղիցի կապեալ յ երկինս ՝ եւ արձակեսցես զ որ յ երկրի . եղիցի արձակեալ յ երկինս :,[0] -> [22]
"այղ առակ արկ առ նոսա եւ ասէ ՝ նման է արքայութիւն երկնից հատո մանանխոյ , զ որ առեալ մարդոյ սերմանեաց յ ագարակի իւրում ՝ որ փոքր է քան զ ամենայն սերմանիս ՝ եւ յորժամ աճիցէ մեծ է քան զ ամենայն բանջարս ՝ եւ լինի ծառ ՝ մինչեւ գալ թռչնոց երկնից . եւ հանգչել յ ոստս նորա :","այղ առակ արկ առ նոսա եւ ասէ ՝ նման է արքայութիւն երկնից հատո մանանխոյ , առեալ զ որ մարդոյ սերմանեաց յ ագարակի իւրում ՝ որ փոքր է քան զ ամենայն սերմանիս ՝ եւ յորժամ աճիցէ մեծ է քան զ ամենայն բանջարս ՝ եւ լինի ծառ ՝ մինչեւ գալ թռչնոց երկնից . եւ հանգչել յ ոստս նորա :",[0] -> [22]
ժողովեցան առաքեալք ն առ Յիսուս ՝ եւ պատմեցին նմա զ ամենայն ինչ զ որ արարին . եւ զ որ ուսուցին :,ժողովեցան առաքեալք ն առ Յիսուս ՝ եւ պատմեցին նմա զ ամենայն ինչ զ որ արարին . եւ ուսուցին զ որ :,[0] -> [22]
Ելանէ ի լեառն ՝ եւ կոչէ առ ինքն զ որս ինքն կամեցաւ եւ չոգան առ նա :,Ելանէ ի լեառն ՝ եւ կոչէ առ ինքն ինքն կամեցաւ զ որս եւ չոգան առ նա :,[0] -> [22]
Եւ ի զարմանալ ն ամենեցուն ի վերայ ամենայնի զ որ առնէր . ասէ ց աշակերտս ն իւր ՝ դիք դուք ի լսելիս ձեր զ բանս զ այսոսիկ ՝ զի որդի մարդոյ մատնելոց է ի ձեռս մարդկան :,Եւ ի զարմանալ ն ամենեցուն ի վերայ ամենայնի առնէր զ որ . ասէ ց աշակերտս ն իւր ՝ դիք դուք ի լսելիս ձեր զ բանս զ այսոսիկ ՝ զի որդի մարդոյ մատնելոց է ի ձեռս մարդկան :,[0] -> [22]
Եւ զ որ տեսի առ հաւր իմում . խաւսիմ,Եւ տեսի զ որ առ հաւր իմում . խաւսիմ,[0] -> [22]
Զ բանս զ որ ես խաւսիմ ընդ ձեզ . ոչ եթե յ անձնէ ինչ խաւսիմ,Զ բանս ես խաւսիմ զ որ ընդ ձեզ . ոչ եթե յ անձնէ ինչ խաւսիմ,[0] -> [22]
Եւ հաւատաց այր ն բանի ն զ որ ասաց նմա Յիսուս . եւ գնաց :,Եւ հաւատաց այր ն բանի ն ասաց զ որ նմա Յիսուս . եւ գնաց :,[0] -> [22]
Հրէից առաջնորդաւ . զ որ սպանեալ որդւոց նորա Ադրամելեքայ եւ Սանասարայ ՝ եղին փախստական առ մեզ :,Հրէից առաջնորդաւ . սպանեալ զ որ որդւոց նորա Ադրամելեքայ եւ Սանասարայ ՝ եղին փախստական առ մեզ :,[0] -> [22]
"Պատասխանի ետ նոցա Յովհաննէս եւ ասէ ՝ ես մկրտեմ զ ձեզ ջրով ՝ ի միջի ձերում կայ զ որ դուք ն ոչ գիտէք , որ զկնի իմ գալոց ն է . որում չ եմ ն արժանի եթե լուծից զ խրացս կաւշկաց նորա :","Պատասխանի ետ նոցա Յովհաննէս եւ ասէ ՝ ես մկրտեմ զ ձեզ ջրով ՝ ի միջի ձերում կայ դուք ոչ գիտէք զ որ ն , որ զկնի իմ գալոց ն է . որում չ եմ ն արժանի եթե լուծից զ խրացս կաւշկաց նորա :",[0] -> [22]
Եւ Յիսուս ասէ ց նոսա ՝ զ բաժակ ն զ որ ես ըմպելոց եմ . ըմպիցէք ՝ եւ զ մկրտութիւն ն զ որ ես մկրտելոց եմ մկրտիցիք ՝,Եւ Յիսուս ասէ ց նոսա ՝ զ բաժակ ն զ որ ես ըմպելոց եմ . ըմպիցէք ՝ եւ զ մկրտութիւն ն ես մկրտելոց զ որ եմ մկրտիցիք ՝,[0] -> [22]
Եւ ելեալ ծառայք ն ի ճանապարհս ՝ ժողովեցին զ ամենեսեան ՝ զ որ եւ գտին զ չարս եւ զ բարիս ՝ եւ լցան հարսանիք ն բազմականաւք ն :,Եւ ելեալ ծառայք ն ի ճանապարհս ՝ ժողովեցին զ ամենեսեան ՝ գտին զ որ եւ զ չարս եւ զ բարիս ՝ եւ լցան հարսանիք ն բազմականաւք ն :,[0] -> [22]
"Եւ իբրեւ այգ եղեւ կոչեաց զ աշակերտս ն իւր ՝ եւ ընտրեաց ի նոցանէ երկոտասանս զ որս եւ առաքեալս անուանեաց ՝ զ Սիմովն զ որ եւ Պետրոս ն անուանեաց . եւ զ Անդրեաս զ եղբայր ն նորին ՝ եւ զ Յակովբոս եւ զ Յովհաննէս , եւ զ Փիղիպպոս եւ զ Բարթողոմեոս . եւ զ Մատթեոս . եւ զ Թովմաս , եւ զ Յակովբոս Աղփեայ , եւ զ Սիմովն զ կոչեցեալ ն նախանձայոյս , եւ զ Յուդա Յակովբայ , եւ զ Յուդա Իսկարիովտացի . որ եղեւ իսկ մատնիչ :","Եւ իբրեւ այգ եղեւ կոչեաց զ աշակերտս ն իւր ՝ եւ ընտրեաց ի նոցանէ երկոտասանս զ որս եւ առաքեալս անուանեաց ՝ զ Սիմովն եւ Պետրոս ն անուանեաց զ որ . եւ զ Անդրեաս զ եղբայր ն նորին ՝ եւ զ Յակովբոս եւ զ Յովհաննէս , եւ զ Փիղիպպոս եւ զ Բարթողոմեոս . եւ զ Մատթեոս . եւ զ Թովմաս , եւ զ Յակովբոս Աղփեայ , եւ զ Սիմովն զ կոչեցեալ ն նախանձայոյս , եւ զ Յուդա Յակովբայ , եւ զ Յուդա Իսկարիովտացի . որ եղեւ իսկ մատնիչ :",[0] -> [22]
Յայտնեցի զ անուն քո մարդկան : Զ որս ետուր ինձ յ աշխարհէ ՝,Յայտնեցի զ անուն քո մարդկան : ետուր Զ որս ինձ յ աշխարհէ ՝,[0] -> [22]
Նա պատասխանի ետ նոցա եւ ասէ ՝ ամենայն տունկ զ որ ոչ տնկեաց հայր իմ երկնաւոր . խլեսցի :,Նա պատասխանի ետ նոցա եւ ասէ ՝ ամենայն տունկ ոչ տնկեաց զ որ հայր իմ երկնաւոր . խլեսցի :,[0] -> [22]
Արձակեաց նոցա զ Բարաբբայ ն զ որ վասն խռովութեան եւ սպանութեան արկեալ էր ի բանդ . զ որ եւ խնդրեին ն իսկ ՝ եւ զ Յիսուս մատնեաց կամաց ն նոցա :,Արձակեաց նոցա զ Բարաբբայ ն զ որ վասն խռովութեան եւ սպանութեան արկեալ էր ի բանդ . եւ խնդրեին զ որ ն իսկ ՝ եւ զ Յիսուս մատնեաց կամաց ն նոցա :,[0] -> [22]
Արդ զ որ Աստուած զուգեաց . մարդ մի մեկնեսցէ,Արդ Աստուած զուգեաց զ որ . մարդ մի մեկնեսցէ,[0] -> [22]
"եւ ահա արք երկու խաւսեին ընդ նմա , որ եին Մովսէս եւ Էղիա երեւեալ փառաւք . եւ ասեին զ ելից ն նորա զ որ կատարելոց էր ի յ Երուսաղեմ :","եւ ահա արք երկու խաւսեին ընդ նմա , որ եին Մովսէս եւ Էղիա երեւեալ փառաւք . եւ ասեին զ ելից ն նորա կատարելոց զ որ էր ի յ Երուսաղեմ :",[0] -> [22]
"ի նոցանէ սպանանիցէք , եւ ի խաչ հանիցէք . եւ ի նոցանէ տանջիցէք ի ժողովուրդս ձեր , եւ հալածիցէք ի քաղաքէ ի քաղաք , որպէս զի եկեցէ ի վերայ ձեր ամենայն արիւն արդար հեղեալ յ երկիր . յ արենէ ն Աբէղի արդարոյ . մինչեւ ց արիւն ն Զաքարիայ որդւոյ Բարաքեայ զ որ սպանէք ընդ մէջ տաճարի ն եւ սեղանոյ ,","ի նոցանէ սպանանիցէք , եւ ի խաչ հանիցէք . եւ ի նոցանէ տանջիցէք ի ժողովուրդս ձեր , եւ հալածիցէք ի քաղաքէ ի քաղաք , որպէս զի եկեցէ ի վերայ ձեր ամենայն արիւն արդար հեղեալ յ երկիր . յ արենէ ն Աբէղի արդարոյ . մինչեւ ց արիւն ն Զաքարիայ որդւոյ Բարաքեայ սպանէք զ որ ընդ մէջ տաճարի ն եւ սեղանոյ ,",[0] -> [22]
"Յայտնեն զ այս ճշմարտապէս եւ թուելեաց ն երգք , զ որ պահեցին ախորժելով , որպէս լսեմ , մարդիկ կողման ն գինեւէտ գաւառի ն Գողթան . յ որս շարին բանք երգոց ն զ Արտաշիսէ եւ զ որդւոց նորա , յիշելով այլաբանաբար եւ զ զարմից ն Աժդահակայ , վիշապազունս զ նոսա կոչելով . զի Աժդահակդ ՝ ի մեր լեզու ս է վիշապ :","Յայտնեն զ այս ճշմարտապէս եւ թուելեաց ն երգք , պահեցին զ որ ախորժելով , որպէս լսեմ , մարդիկ կողման ն գինեւէտ գաւառի ն Գողթան . յ որս շարին բանք երգոց ն զ Արտաշիսէ եւ զ որդւոց նորա , յիշելով այլաբանաբար եւ զ զարմից ն Աժդահակայ , վիշապազունս զ նոսա կոչելով . զի Աժդահակդ ՝ ի մեր լեզու ս է վիշապ :",[0] -> [22]
Եւ դարձան հովիւք ն փառաւոր առնեին եւ աւհրնեին զ Աստուած ՝ վասն ամենայնի զ որ լուան եւ տեսին . որպէս պատմեցաւ նոցա :,Եւ դարձան հովիւք ն փառաւոր առնեին եւ աւհրնեին զ Աստուած ՝ վասն ամենայնի լուան զ որ եւ տեսին . որպէս պատմեցաւ նոցա :,[0] -> [22]
Իբրեւ լուաւ զ այն Յիսուս ասէ ց նա ՝ միւս եւս պակաս է քեզ ՝ զ ամենայն ինչ զ որ ունիս վաճառեա եւ տուր աղքատաց ՝ եւ ունիցիս գանձ յ երկինս . եւ եկ զկնի իմ :,Իբրեւ լուաւ զ այն Յիսուս ասէ ց նա ՝ միւս եւս պակաս է քեզ ՝ զ ամենայն ինչ ունիս զ որ վաճառեա եւ տուր աղքատաց ՝ եւ ունիցիս գանձ յ երկինս . եւ եկ զկնի իմ :,[0] -> [22]
"նոյնպէս եւ դուք յորժամ առնիցէք զ ամենայն հրամայեալս ն ձեզ ՝ ասասջիք թե ծառայք անպիտանք եմք , զ որ պարտեաք ն առնել արարաք :","նոյնպէս եւ դուք յորժամ առնիցէք զ ամենայն հրամայեալս ն ձեզ ՝ ասասջիք թե ծառայք անպիտանք եմք , պարտեաք առնել զ որ ն արարաք :",[0] -> [22]
Պատասխանի ետ Յիսուս եւ ասէ ց նոսա ՝ հարցից եւ ես զ ձեզ բան մի ՝ զ որ թե ասիցէք ինձ . եւ ես ձեզ ասացից որով իշխանութեամբ առնեմ զ այս ՝,Պատասխանի ետ Յիսուս եւ ասէ ց նոսա ՝ հարցից եւ ես զ ձեզ բան մի ՝ թե ասիցէք զ որ ինձ . եւ ես ձեզ ասացից որով իշխանութեամբ առնեմ զ այս ՝,[0] -> [22]
"Եւ զ դաստակերտ ն , զ որ շինեաց յ անուն իւր Մշակ կողմնապետ ն Արամայ , փոքրագունիւք պարսպեալ որմովք , անուանէին հինք աշխարհի ն ՝ Մաժաք , որպէս ոչ կարելով ուղղախաւսել . մինչեւ յետոյ յ ոմանց ընդարձակագոյն շինեալ ՝ անուանեցաւ Կեսարի :","Եւ զ դաստակերտ ն , զ շինեաց որ յ անուն իւր Մշակ կողմնապետ ն Արամայ , փոքրագունիւք պարսպեալ որմովք , անուանէին հինք աշխարհի ն ՝ Մաժաք , որպէս ոչ կարելով ուղղախաւսել . մինչեւ յետոյ յ ոմանց ընդարձակագոյն շինեալ ՝ անուանեցաւ Կեսարի :",[0] -> [22]
"Եւ եղեւ իբրեւ վերացան ի նոցանէ հրեշտակք ն յ երկինս . ասեն ց միմեանս հովիւք ն ՝ եկայք երթիցուք մինչեւ ց Բեթղեեմ , եւ տեսցուք զինչ է բան ս այս որ եղեւ զ որ Տէր եցոյց մեզ :","Եւ եղեւ իբրեւ վերացան ի նոցանէ հրեշտակք ն յ երկինս . ասեն ց միմեանս հովիւք ն ՝ եկայք երթիցուք մինչեւ ց Բեթղեեմ , եւ տեսցուք զինչ է բան ս այս որ եղեւ Տէր եցոյց զ որ մեզ :",[0] -> [22]
Յիսուս իբրեւ ետես զ մայր ն . եւ զ աշակերտ ն զ որ սիրէր զի կայր մաւտ . ասէ ց մայր ն ՝ կին դու . ահա որդի քո ՝,Յիսուս իբրեւ ետես զ մայր ն . եւ զ աշակերտ ն սիրէր զ որ զի կայր մաւտ . ասէ ց մայր ն ՝ կին դու . ահա որդի քո ՝,[0] -> [22]
Ամէն ասեմ ձեզ ՝ ուր եւ քարոզեսցի աւետարան ս այս ընդ ամենայն աշխարհ . եւ զ որ արար դ դա խաւսեսցի վասն յիշատակի դորին :,Ամէն ասեմ ձեզ ՝ ուր եւ քարոզեսցի աւետարան ս այս ընդ ամենայն աշխարհ . եւ արար զ որ դ դա խաւսեսցի վասն յիշատակի դորին :,[0] -> [22]
"Բայց նա ասէր վասն տաճարի մարմնոյ ն իւրոյ . Իսկ յորժամ յարեաւ ն ի մեռելոց յիշեցին աշակերտք ն նորա թե այս է զ որ ասաց ն , եւ հաւատացին գրոյ ն . եւ բանի ն զ որ ասաց Յիսուս :","Բայց նա ասէր վասն տաճարի մարմնոյ ն իւրոյ . Իսկ յորժամ յարեաւ ն ի մեռելոց յիշեցին աշակերտք ն նորա թե այս է ասաց զ որ ն , եւ հաւատացին գրոյ ն . եւ բանի ն զ որ ասաց Յիսուս :",[0] -> [22]
այղ վասն ընտրելոց ն զ որս ընտրեաց կարճեաց զ աւուրս ն զ այնոսիկ :,այղ վասն ընտրելոց ն ընտրեաց զ որս կարճեաց զ աւուրս ն զ այնոսիկ :,[0] -> [22]
Պատասխանի ետ Յիսուս եւ ասէ ց նոսա ՝ ամէն ամէն ասեմ ձեզ ՝ ոչ կարէ որդի մարդոյ առնել յ անձնէ եւ ոչ ինչ . եթե ոչ տեսանիցէ զ հայր ն զի առնէ . զ նոյն եւ որդի նմին նման գործէ : Զի հայր սիրէ զ որդի . եւ զ ամենայն ինչ ցուցանէ նմա զ որ ինքն առնէ :,Պատասխանի ետ Յիսուս եւ ասէ ց նոսա ՝ ամէն ամէն ասեմ ձեզ ՝ ոչ կարէ որդի մարդոյ առնել յ անձնէ եւ ոչ ինչ . եթե ոչ տեսանիցէ զ հայր ն զի առնէ . զ նոյն եւ որդի նմին նման գործէ : Զի հայր սիրէ զ որդի . եւ զ ամենայն ինչ ցուցանէ նմա ինքն առնէ զ որ :,[0] -> [22]
Բայց ըստ տաւնի սովոր էր դատաւոր ն արձակել ժողովրդեան ն կապեալ մի զ որ կամեին :,Բայց ըստ տաւնի սովոր էր դատաւոր ն արձակել ժողովրդեան ն կապեալ մի կամեին զ որ :,[0] -> [22]
Ամէն ասեմ ձեզ ՝ զ որ կապիցէք յ երկրի . եղիցի կապեալ յ երկինս ՝ եւ զ որ արձակիցէք յ երկրի . եղիցի արձակեալ յ երկինս :,Ամէն ասեմ ձեզ ՝ կապիցէք զ որ յ երկրի . եղիցի կապեալ յ երկինս ՝ եւ զ որ արձակիցէք յ երկրի . եղիցի արձակեալ յ երկինս :,[0] -> [22]
Եւ ամենեքին որ լսեին զարմանային վասն բանից ն զ որ խաւսեցան ընդ նոսա հովիւք ն :,Եւ ամենեքին որ լսեին զարմանային վասն բանից ն խաւսեցան զ որ ընդ նոսա հովիւք ն :,[0] -> [22]
եւ ապա առեալ ջուր արկ ի կոնք ՝ եւ սկսաւ լուանալ զ ոտս աշակերտաց ն . եւ սրբէր ղենճեկաւ ն զ որ սփածեալ էր :,եւ ապա առեալ ջուր արկ ի կոնք ՝ եւ սկսաւ լուանալ զ ոտս աշակերտաց ն . եւ սրբէր ղենճեկաւ ն սփածեալ զ որ էր :,[0] -> [22]
ահա մանուկ իմ զ որ ընտրեցի եւ սիրելի իմ ՝ ընդ որ հաճեցաւ անձն իմ ՝,ահա մանուկ իմ ընտրեցի զ որ եւ սիրելի իմ ՝ ընդ որ հաճեցաւ անձն իմ ՝,[0] -> [22]
Դա զ որ ունէր արար ՝ յառաջագոյն խնկեաց զ մարմին իմ ի նշան պատանաց :,Դա ունէր զ որ արար ՝ յառաջագոյն խնկեաց զ մարմին իմ ի նշան պատանաց :,[0] -> [22]
"Եկն միւս ն եւ ասէ ՝ Տէր , ահա մնաս ն քո զ որ ունեի ծրարեալ ի վարշամակի ՝ երկնչեի ի քէն . զի այր ստամբակ ես , բառնաս զ որ ոչ եդիր . եւ հնձես զ որ ոչ սերմանեցեր :","Եկն միւս ն եւ ասէ ՝ Տէր , ահա մնաս ն քո զ որ ունեի ծրարեալ ի վարշամակի ՝ երկնչեի ի քէն . զի այր ստամբակ ես , բառնաս զ որ ոչ եդիր . եւ հնձես ոչ սերմանեցեր զ որ :",[0] -> [22]
"իսկ մխիթարիչ ն հոգի ն սուրբ զ որ առաքեսցէ հայր յ անուն իմ , նա ուսուսցէ ձեզ զ ամենայն . եւ յիշեցուսցէ ձեզ զ ամենայն որ ինչ ասացի ձեզ :","իսկ մխիթարիչ ն հոգի ն սուրբ առաքեսցէ զ որ հայր յ անուն իմ , նա ուսուսցէ ձեզ զ ամենայն . եւ յիշեցուսցէ ձեզ զ ամենայն որ ինչ ասացի ձեզ :",[0] -> [22]
